Country,EPI 2000,EPI 2002,EPI 2004,EPI 2006,EPI 2008,EPI 2010,EPI 2012,EPI 2014,EPI 2016,EPI 2018,EPI 2020,CCPI 2008,CCPI 2009,CCPI 2010,CCPI 2011,CCPI 2012,CCPI 2013,CCPI 2014,CCPI 2015,CCPI 2016,CCPI 2017,CCPI 2018,CCPI 2019,CCPI 2020,2014 Sustainable Competitiveness,2015 Sustainable Competitiveness,2016 Sustainable Competitiveness,2017 Sustainable Competitiveness,2018 Sustainable Competitiveness,2019 Sustainable Competitiveness,2020 Sustainable Competitiveness,2014 Natural capital,2015 Natural capital,2016 Natural capital,2017 Natural capital,2018 Natural capital,2019 Natural capital,2020 Natural capital,2014 Resource Intensity,2015 Resource Intensity,2016 Resource Intensity,2017 Resource Intensity,2018 Resource Intensity,2019 Resource Intensity,2020 Resource Intensity,2014 Social capital,2015 Social capital,2016 Social capital,2017 Social capital,2018 Social capital,2019 Social capital,2020 Social capital,2014 Intellectual capital,2015 Intellectual capital,2016 Intellectual capital,2017 Intellectual capital,2018 Intellectual capital,2019 Intellectual capital,2020 Intellectual capital,2014 Governance ,2015 Governance ,2016 Governance ,2017 Governance ,2018 Governance ,2019 Governance ,2020 Governance ,GDP PER CAPITA PER CAPITA 2000 ,GDP PER CAPITA PER CAPITA 2001 ,GDP PER CAPITA 2002 ,GDP PER CAPITA 2003,GDP PER CAPITA 2004 ,GDP PER CAPITA 2005 ,GDP PER CAPITA 2006 ,GDP PER CAPITA 2007 ,GDP PER CAPITA 2008 ,GDP PER CAPITA 2009,GDP PER CAPITA 2010 ,GDP PER CAPITA 2011 ,GDP PER CAPITA 2012 ,GDP PER CAPITA 2013 ,GDP PER CAPITA 2014 ,GDP PER CAPITA 2015 ,GDP PER CAPITA 2016 ,GDP PER CAPITA 2017 ,GDP PER CAPITA 2018 ,GDP PER CAPITA 2019 ,GDP PER CAPITA 2020 
Albania,58.98,61.43,64.54,66.62,67.46,71.42,65.85,54.73,74.38,65.46,49,,,,,,,,,,,,,,39.59,39.89,43.76,46.6,45.31,44.97,47.44,44.87,42.48,44.23,46.91,46.02,45.9,51.43,44.87,37.64,43.36,43.37,56.01,45.36,49.72,40.03,40.43,63.29,58.63,45.28,45.48,45.25,36.5,35.04,41.83,45.63,38.18,39.22,41.66,38.46,43.89,47.71,50.83,51.27,48.88,49.14,3862.48,4301.38,4661.38,4994.92,5423.2,5865.32,6557.8,7274.52,8228.33,8819.51,9636.11,10207.73,10526.32,10570.97,11259.3,11658.87,12078.8,12770.98,13546.48,14230.99,13817.76
Algeria,46.81,47.51,48.17,48.93,49.79,67.41,48.56,50.08,70.28,57.18,44.8,50.5,54.6,55.1,57.5,54.4,52.34,49.92,54.46,53.3,48.46,43.61,42.1,41.45,42.09,42.17,40.43,40.96,40.97,43.62,41.1,44.98,43.43,39.85,38.75,38.09,35.94,40.96,44.98,34.26,37.35,44.12,55.14,48.65,39.76,43.36,45.99,60.03,58.08,41.65,46.7,41.62,37.17,35.03,35.16,32.9,33.29,38.39,35.67,51.61,52.13,44.71,46.94,43.15,48.41,47.49,8446.59,8775.12,9293.84,10019.36,10591.04,11405.64,11776.04,12311.04,12643.15,12722.38,13095.45,13500.04,13303.33,13056.8,13003.27,12015.63,11624.34,11737.42,11921.73,11997.34,11268.26
Angola,42.79,43.72,45.15,47.51,48.47,36.35,47.57,28.69,51.32,37.44,29.7,,,,,,,,,,,,,,37.62,38.97,40.34,40.97,40.65,40.74,40.33,56.02,56.04,57.87,59.57,54.44,53.94,55.74,56.02,45.31,57.82,55.07,50.1,57.69,55.49,31.94,30.96,60.36,57.09,37.11,39.19,35,17.73,23.09,22.32,18.94,24.81,21.79,21.3,43.15,39.47,32.9,33.95,29.43,31.07,34.11,3289.41,3389.2,3785.15,3838.8,4225.47,4837.71,5362.02,6050.61,6607.29,6470.68,6587.99,6710.75,7412.97,7682.48,8179.3,7337.57,7103.23,7310.9,7099.97,6952.42,6538.45
Argentina,51.73,53.01,53.12,55.2,56.07,61.05,56.48,49.55,79.84,59.3,52.2,58.5,57.1,52.2,52.4,50.8,49.97,53.6,49.61,48.34,53.15,41.21,49.01,43.77,45.94,45.13,46.21,45.35,47.29,45.03,48.06,54.41,55.53,56.55,54.08,52.33,51.83,57.9,54.41,31.4,39.44,40.3,58.26,42.66,47.93,46.32,44.97,60.05,55.02,48.83,47.08,47.37,41.02,36.01,40.63,39.01,39.99,33.66,34.37,56.6,57.76,49.68,51.86,53.76,49.91,52.75,11618.79,11226.88,10052.49,11025.19,12214.74,13568.77,14951.73,16570.01,17404.07,16334.74,18061.93,19322.23,19641.35,20131.68,19683.77,20105.2,20307.87,23597.12,23305.85,22996.99,20767.61
Armenia,44.61,46.23,46.64,46.65,46.46,60.44,47.48,61.67,81.6,62.07,52.3,,,,,,,,,,,,,,44.44,43.24,43.79,43.43,43.28,43.33,47.25,42.15,43.33,38.91,38.83,37.68,36.57,39.27,42.15,33.58,44.64,42.22,56.15,44.37,48.9,48.35,47.5,58.25,49.94,45.69,49.89,51.56,49.29,41.81,37.29,40.46,37.89,34.16,38.39,48.56,49.99,51.38,50.01,51.06,51.64,58.12,2658.34,2995.91,3463.99,4043.66,4614.87,5455.43,6411.82,7551.64,8300.49,7233.04,7506.32,8025.46,9364.38,9835.8,10036.89,9969.66,10704.23,12115.14,13020.4,14231.18,13284.16
Australia,56.33,56.91,57.51,56.59,56.64,65.66,56.61,82.4,87.22,74.12,74.9,35.5,41.7,41.9,42.9,49.8,55.39,41.53,35.57,36.56,40.66,25.03,31.27,30.75,46.98,46.44,49.14,48.19,48.1,47.6,50.21,48.96,49.1,51.99,52.55,47.9,50.04,55.49,48.96,35.01,40.92,46.15,57.05,48.99,43.03,50.72,50.85,52.39,56.43,49.61,49.66,54.52,43.82,41.28,50.55,42.07,43.5,39.9,46.41,53.7,55.94,53.69,51.11,50.52,49.43,51.61,26321.45,27373.46,28718.24,29734.72,31308.21,32575.07,34288.86,36544.89,37459.31,40300.76,39301.34,41965.36,42826.79,45902.05,46880.22,46288.33,47339.97,48482.65,50252.84,52203.13,52518.32
Austria,67.88,67.67,67.72,68.4,69.09,78.13,68.92,78.32,86.64,78.97,79.6,48.7,45,48.2,52.9,54.3,58.09,57.19,55.39,50.69,52,49.49,48.78,44.74,51.33,52.52,53.77,54.77,55.19,54.17,56.67,55.04,55.66,53.48,47.83,47.28,43.39,51.18,55.04,38.7,40.67,48.6,52.34,53.5,49.1,56.6,58.33,62.95,54.91,55.08,56.97,60.9,53.32,53.21,58.18,61.63,60,56.09,59.74,51.41,56.73,57.93,60.88,61.24,60.91,62.45,29388.78,29715.64,31178.69,32111.12,33745.85,35013.71,37611.8,39382.8,41316.23,40948.22,42041.49,44452.73,46457.35,47922.05,48799.72,49865.9,52684.02,54169.96,57050.35,58649.67,55097.46
Azerbaijan,33.66,37.29,39.06,41.12,42.06,59.08,43.11,55.47,83.78,62.33,46.5,,,,,,,,,,,,,,39.71,38.74,40.14,40.22,42.08,41.45,45.08,30.97,30.04,29.04,31.94,32.61,33.66,43.56,30.97,37.14,39.14,42.66,47.17,44.1,46.33,41.85,42.98,58.58,46.01,47.62,47.34,47.88,34.52,29.49,33.76,36.07,39.77,33.82,38.19,52.03,54.07,52.48,47.03,46.56,48.35,49.43,3442.63,3836.6,4233.44,4716.38,5245.43,6850.81,9387.11,11957.39,13200.94,14248.89,14926.64,14804.57,15957.72,17188.95,17443.88,14938.4,14371.02,14121.41,14550.82,15049.94,14451.98
Bangladesh,38.23,39.04,40.18,41.44,42.14,43.95,42.55,25.61,41.77,29.56,29,,,,,,,,,,,,,,37.38,37.41,36.87,38.08,40.69,39.13,43.3,32.03,31.18,24.28,30.41,30.6,30.83,40.14,32.03,40.23,45.58,46.25,51.74,48.75,60.82,39.71,40.84,57.1,58.45,41.25,42.06,41.47,22.07,23.54,21.13,20.97,27.9,18.47,19.87,52.28,51.28,54.17,51.47,55.39,55.54,54.2,1331.55,1403.13,1453.26,1523.8,1620.43,1753.87,1901.72,2065.15,2206.51,2309.56,2439.07,2620.83,2937.63,3143.59,3368.06,3555.51,3848.96,4160.7,4547.48,4954.76,5082.68
Belarus,49.36,49.97,50.54,51.93,53.46,65.37,53.88,67.69,82.3,64.98,53,47.8,49.8,51.4,57.6,56.3,57.98,56.48,54.54,51.18,46.86,56.38,53.31,44.18,47.71,46.79,49.24,48.92,49.7,47.85,48.56,53.32,54.54,58.7,53.73,52.51,52.77,59.67,53.32,30.17,39.45,45.55,61.41,48.95,38.96,46.47,45.93,58.4,47.56,45.72,46.17,52.01,54.65,45.93,45.34,43.21,43.17,38.91,41.69,51.54,57.39,54.44,55.93,58.62,52.43,50.47,5808.36,6248.21,6709.85,7367.19,8489.48,9642.43,10994.77,12317.46,13885.75,14050.88,15349.23,16543.04,18071.51,18948.47,18955.91,18041.24,17725.75,18280.2,19338.67,20098.6,20199.7
Belgium,53.26,59.29,62.08,62.91,63.25,58.07,63.02,66.61,80.15,77.38,73.3,57.9,55,57.2,61.5,63.8,65.2,64.65,61.89,68.73,62.08,49.6,50.63,45.73,45.42,45.89,48.38,49.94,51.19,51.34,52.13,35.06,35.69,34.76,31.07,30.27,30.27,31.49,35.06,37.96,40.75,50.98,48.79,54.46,47.84,55.22,58.18,54.27,56.58,54.93,56.23,60.5,52.79,48.1,56.9,61.48,62.02,58.01,59.93,44.13,49.54,49.51,52.1,55.81,57.75,60.87,27796.65,28800.52,30282.29,30901,32036.5,33177.89,35212.02,36746.55,37883.33,37777.33,39870.49,40942.37,42290.76,43671.12,44929.69,46200.9,48597.4,50442.27,52662.53,54709.47,51968.19
Benin,49.65,50.37,50.12,50.32,50.5,39.59,50.38,32.42,43.66,38.17,30,,,,,,,,,,,,,,38.82,38.88,38.68,38.34,40.07,39.54,40.79,40.55,38.31,35.63,37.71,40.92,41.09,42.43,40.55,45.53,53.15,59.57,49.22,63.32,55,36.93,36.17,47.84,56.3,34.11,35.99,36.02,28.07,31.66,27.19,26.98,26.88,22.24,24.48,44.72,42.73,44.65,34.32,35.1,35.08,46.01,1759.72,1837.81,1895,1936.88,2015.64,2052.53,2135.26,2258.49,2347.92,2353.63,2364.12,2416.33,2498.5,2669.69,2833.41,2886.83,3004.81,3044.52,3236.67,3426.33,3505.64
Bolivia,54.33,54.64,54.62,54.89,54.42,44.34,54.57,50.48,71.09,55.98,44.3,,,,,,,,,,,,,,44.69,44.05,45.78,45.91,46.01,47.14,50.01,60.73,60.69,56.39,56.8,56.98,56.06,64.09,60.73,47.26,50.67,53.37,61.05,55.4,53.81,33.36,35.46,42.03,50.87,34.62,39.97,43.61,29.81,24.68,37.36,39.81,38.32,35.47,38.59,51.05,52.15,49.53,47.12,44.8,48.82,49.95,3437.62,3504.74,3580.81,3677.64,3863.45,4086.38,4335.38,4575.66,4868.44,4986.46,5167.11,5460.26,5921.65,6624.81,7056.83,7133.87,7499.77,8423.7,8863.35,9093.43,8367.33
Bosnia and Herzegovina,37.91,38.93,38.99,38.67,38.22,55.87,36.76,45.79,63.28,41.84,45.4,,,,,,,,,,,,,,40.49,40.09,45.1,46.2,48.91,49.16,50.47,48.87,50.27,51.56,49.78,53.41,52.63,60.11,48.87,33.4,42.96,44.71,40.5,47.35,42.6,46.44,46.94,52.2,52.97,48.6,49.58,52.47,30.73,24.69,31.42,39.94,42.28,41.56,43.11,40.98,45.13,50.02,47.58,53.27,54.71,54.05,4549.33,4751.16,5136.52,5373.57,6201.11,6479.66,7404.11,8186.57,9028.83,9035.26,9355.43,9976.46,10304.08,11016.56,11433.22,12010.71,13072.13,13753.83,14916.79,15847.13,15611.79
Botswana,48.49,49.35,50.24,51.51,52.71,41.31,53.74,47.6,70.72,51.7,40.4,,,,,,,,,,,,,,37.33,39.5,38.94,38.96,38.68,38.38,42.21,40.56,40.51,35.01,37.56,34.94,31.03,41.58,40.56,38.7,42.07,40.9,61.58,40.95,43.97,28.16,30.49,52.45,56.36,31.04,30.77,35.61,32.07,38.32,42.1,41.43,44.66,40.58,40.29,52.44,49.49,44.28,41.44,42.18,48.55,49.62,8784.19,8830.94,9347.85,9791.03,10144.51,10733.23,11742.5,12780.64,13552.63,12366.55,13352.29,14252.68,13590.52,14707.59,16300.83,15547.16,17260.46,17253.69,18058.06,18528.59,16920.85
Brazil,54.54,57.03,56.1,59.25,60.01,63.41,60.9,52.97,78.9,60.7,51.2,59,61.4,68,70.5,66.9,58.2,55.53,48.51,51.9,52.46,57.86,59.29,55.82,48.22,47.3,46.86,47.64,46.48,46.8,49.05,60.21,61.11,60.24,63.36,58.24,60.08,64.76,60.21,38.65,45.27,51.33,52.2,54.4,52.01,40.8,38.37,53.05,50.25,36.65,35.02,39.85,42.54,41.33,44.85,44.57,42.36,42.29,45.6,58.42,57.02,48.48,41.08,41.78,42.22,43.03,9060.79,9260.77,9568.06,9733.77,10445.34,10988.96,11642.44,12549.93,13312.76,13269.12,14299.55,15040.06,15046.29,15588.73,15718.56,14744.11,14256.16,14524.61,15020.44,15388.23,14836.31
Brunei ,62.16,62.8,62.67,62.21,62.79,60.75,62.49,66.49,67.86,63.57,54.8,,,,,,,,,,,,,,44.8,40.9,46.51,47.21,47.31,45.45,47.04,41.56,45.44,48.63,47.48,46.37,52.14,47.66,41.56,32.48,41.1,45.78,46.52,45.94,42.36,50.25,43.12,48.25,49.77,45.48,44.33,50.17,62.04,41.42,49.92,52.12,54.22,45.67,51.45,41.42,42.02,41.84,42.25,45.37,39.2,43.58,66439.14,68349.93,70717.78,72755.32,73808.32,75214.17,79772.89,81012.99,80036.75,78298.52,80280.02,83935.23,88245.96,83788.51,81371.23,62540.63,56297.23,60994.53,61839.12,64724.13,65661.69
Bulgaria,48.65,55.4,53.03,56.49,55.37,62.53,56.28,64.01,83.4,67.85,57,55.5,52.6,47.5,49.6,51.1,54.27,54.87,54.05,53.85,53.06,45.35,48.11,40.12,42.99,43.82,44.79,47.21,48.23,49.17,51.57,48.94,51.84,57.23,51.89,52.35,53.49,56.08,48.94,26.6,31.94,37.72,52.61,40.44,43.23,47.5,44.99,50.44,44.19,44.1,46.04,47.18,44.18,43.52,44.6,52.13,48.9,45.74,49.43,44.75,52.15,49.44,53.2,55.68,60.16,61.93,6424.76,6961.97,7786.42,8408.36,9193.83,10291.45,11392.88,12795.84,14335.67,14191.57,14879.27,15667.31,16247.49,16588.93,17561.38,18343.11,20019.59,21387.28,22911.3,24579.22,24367.32
Cambodia,52.63,52.61,52.8,53.51,54.46,41.69,55.29,35.44,51.24,43.23,33.6,,,,,,,,,,,,,,41.8,40.54,39.23,40.25,42.04,43.53,45.87,47.98,47.89,46,50.35,49.47,51.06,59.54,47.98,49.26,50.31,49.1,48.73,50.59,53.06,35.04,34.37,59.48,45.51,38.95,39.65,40.01,29.64,25.67,24.05,21.65,25.99,24.66,23.3,47.34,45.54,40.52,42.05,45.58,51.68,53.42,1075.41,1164.58,1237.65,1344.62,1499.09,1723.31,1936.88,2159.62,2314.46,2299.39,2427.24,2611.31,2868.74,3045.59,3185.34,3388.74,3675.04,3928.37,4259.2,4574.4,4422.05
Cameroon,41.85,43.26,42.6,43.32,43.15,44.62,42.97,36.68,57.13,40.81,33.6,,,,,,,,,,,,,,41.49,41.27,43.44,43.23,42.19,44.01,45.98,66.64,64.61,65.37,63.85,63.28,63.98,64.95,66.64,41.25,54.78,59.71,55.48,58.69,60.16,33.5,33.98,38.44,55.53,35.26,39.83,39.33,25.14,24.84,21.74,22.24,19.54,18.65,24.71,42.07,41.67,39.7,35.64,34.18,38.92,40.74,1941.7,2017.01,2079.76,2156.69,2302.12,2357.05,2444.75,2562.26,2629.89,2634.68,2681.89,2773.9,2855.45,3002.61,3185.36,3260.52,3405.06,3554.52,3690.07,3796.31,3772.74
Canada,55.64,56.01,56.7,57.19,58.06,66.44,58.41,73.14,85.06,72.18,71,37.6,38.9,40.7,43.9,46.3,45.16,40.39,38.81,38.74,43.06,33.98,34.26,31.01,50.36,49.93,50.82,51.39,51.07,52.16,51.28,62.19,65,66.47,61.91,61.1,62.03,60.6,62.19,36.36,36.65,47.37,53.42,49.89,37.14,49.42,50.58,50.69,36.41,48.44,48.68,50.77,50,43.53,50.46,49.06,48.68,49.73,55.38,50,54.2,48.08,49.25,48.41,50.49,52.53,29362.95,30214.09,30963.05,32333.48,33911.04,36327.23,38106.36,39555.5,40376.31,38893.72,40114.19,41666.71,42290.97,44298.58,45753.75,44670.08,46472.34,48317.1,50239.99,50660.58,48072.58
Chile,53.24,55.14,55.16,55.06,54.54,73.34,55.34,69.93,77.67,57.49,55.3,,,,,,,,,,,,,,43.43,42.11,44.64,44.89,44.85,45.89,50.57,48.87,51.25,52.54,50.52,50.26,51.64,54.24,48.87,37.42,43.02,41.99,45.99,44.37,51.78,32.81,31.64,45.56,51.09,34.52,36,46.56,40.31,33.97,43.42,43.82,45.06,43.63,46.13,57.21,56.27,54.31,53.2,50.66,53.83,54.15,9553.57,9972.65,10333.06,10841.33,11812.63,12746.59,15753.96,16941.83,16501.81,16159.61,18161.81,20342.56,21507.69,22439.27,22786.64,22698.55,23437.59,24470.7,24740.5,25974.73,25067.69
China,41.24,42.97,42.04,41.87,42.06,49,42.24,43,65.1,50.74,37.3,47,45.9,46.6,44.9,44.6,49.03,52.41,51.77,48.6,47.49,45.84,49.6,48.16,48.33,47.21,47.2,48.94,49.99,48.49,50.83,29.78,29.39,34.26,32.08,33.23,33.35,37.85,29.78,28.86,32.73,37.39,48.49,39.7,39.59,44.02,45.6,40.94,46.16,50.14,49.8,53.49,66.3,64.89,62.97,66.7,67.04,61.48,66.25,70.04,67.34,58.88,60.19,60.3,58.11,56.98,2920.56,3210.01,3534.85,3937.31,4425.87,5053.95,5836.57,6810.6,7574.22,8307.85,9253.77,10299.87,11197.6,11923.75,12549.77,12978.77,13572.62,14344.42,15608.97,16772.84,17312
Colombia,58.32,59.15,60.56,62.1,62.55,76.77,62.33,50.77,75.93,65.22,52.9,,,,,,,,,,,,,,45.92,45.17,46.73,46.62,46.53,46.66,47.4,58.14,57.46,56.24,62.42,61.5,61.7,62.02,58.14,42.56,50.18,50.47,45.24,50.11,49.84,35.35,34.71,47.18,36.95,31.81,33.97,37.05,44.31,40.2,39.07,38.58,39.23,37.54,35.06,51.35,50.92,54.77,49.19,50.76,49.99,53.04,6690.37,6843.74,7018.08,7319.54,7806.05,8324.75,9035.57,9781.97,10179.24,10258.97,10731.65,11604.1,12018.65,12727.76,13307.42,13265.8,13812.1,14171.32,14865.89,15621.09,14565.37
Costa Rica,65.96,68.37,69.33,68.65,68.63,86.4,69.03,58.53,80.03,67.85,52.5,,,,,,,,,,,,,,49.37,47.34,47.42,47.13,48.71,48.8,52.6,50.73,50.68,47.7,47.6,52.21,54.03,54.37,50.73,49.57,51.6,48.81,49.08,53.5,56.91,44.28,42.76,54.96,49.68,37.4,39.51,48.42,50.9,44.46,44.68,45.06,45.7,44.9,42.85,51.12,49.23,50.07,54.76,55.98,52.07,60.46,7838.44,8142.67,8414.66,8805.39,9305.99,9836.96,10727.2,11760.07,12392.29,12219.94,12863.85,13545.93,14321.52,15005.92,16067.33,17090.8,19075,20347.03,20994.4,21792.48,21031.82
Cote d'Ivoire,51.36,51.56,52.4,53.08,53.44,54.25,53.55,39.72,59.89,45.25,25.8,,,,,,,,,,,,,,38.91,39.64,42.53,43.92,42.88,42.76,45.28,61.85,64.19,61.93,56.58,51.67,50.81,55.2,61.85,45.04,55.08,57.61,46.54,57.92,59.84,30.78,31.85,43.53,48.39,33.67,35.77,33.69,20.79,17.63,26.23,30.96,28.01,25.44,29.63,36.83,39.5,38.12,41.35,43.15,43.89,48.03,2291.44,2289.13,2236.33,2199.9,2239.76,2300.12,2354.29,2406.78,2460.25,2501.73,2522.37,2404.04,2626.07,2828.4,3127.48,4652.89,4726.98,4830.75,5154.33,5432.99,5458.24
Croatia,60.79,60.3,61.08,62.23,63.7,68.65,64.16,62.23,86.98,65.45,63.1,49.7,51.7,47.4,50.2,47.2,56.37,52.79,56.35,58.43,60.66,61.19,62.39,56.97,46.73,47.92,51,53.37,54.4,54.23,57.18,52.59,53.46,55.15,54.73,56.69,57.05,61.09,52.59,37.95,45.6,55.79,52.26,59.8,57.7,52.6,52.12,35.46,41.68,46.74,47.21,52.28,46.63,44.78,50.76,52.93,52.33,48.54,50.91,45.9,51.32,50.97,56.69,57.28,58.53,63.92,10587.43,11550.99,12646.83,13549.79,14533.25,15300.61,17421.01,19318.72,20768.81,20009.63,19814.6,20804.39,21168.85,21820.52,22060.74,23005.1,24876.31,26800.12,28554.39,30245.98,28503.88
Cyprus,56.24,56.62,57.25,56.9,57.04,56.26,57.15,66.23,80.24,72.6,64.8,46,43.2,46.6,53,54,60.94,57.61,66.99,65.12,64.28,52.29,44.34,41.66,42.24,42.03,41.23,42.28,44.14,45.84,47.56,31.32,29.64,24.71,20.43,26.59,28.11,31.82,31.32,38.03,44.36,47.19,48.98,51.44,45.38,52.63,50.88,33.4,46.16,50.01,50.94,53.61,46.47,43.23,43.65,44.01,43.42,46.61,48.22,42.84,48.35,44.11,49.59,49.18,52.09,58.78,21297.77,22871.72,23556.32,24254.8,25923.23,27763.23,29975.32,32841.72,34830.12,33909.73,33449.09,33313.47,31834.72,30375.12,30080.3,31815.14,35719.07,38050.86,40476.39,41514.51,38458.19
Czech Republic,60.52,60.92,61.85,63.55,64.53,71.62,64.79,81.47,84.67,67.68,71,51.9,55,54.6,57.5,50.4,59.13,53.93,57.99,57.03,58.52,45.13,49.73,42.93,47.01,48.65,50.82,52.66,52.28,53.14,55.17,45.65,47.08,43.03,37.93,38.03,35.56,48.64,45.65,31.52,39.62,50.32,53.52,53.3,40.02,52.34,54.8,47.82,37.88,50.86,52.04,56.6,58.22,54.55,57.13,56.97,54.84,58.53,61.21,47.3,55.28,61.25,67.8,65.04,66.26,69.36,16242.54,17628.68,18252.57,19517.94,20914.73,22095.39,23891.7,26250.48,27974.49,27781.94,27903.26,29001.37,29254.73,30818.11,32502.48,33899.29,36097.71,38824.89,41134.09,43005.55,41737.42
Denmark,60.88,61.38,62.02,62.17,63.55,69.15,63.61,76.92,89.21,81.6,82.5,57.3,60.6,57,54.6,63.9,72.61,75.23,77.76,71.19,61.87,59.49,61.96,71.14,51.61,52.73,56.03,57.18,57.21,56.96,61,49.16,50.4,51.02,49.74,46.23,46.82,51.41,49.16,42.11,48.72,55.84,43.21,59.81,65.65,63.14,63.33,51.08,45.45,54.75,55.27,57.82,58.13,55.24,62.88,66.45,67.56,63.6,67.04,46.92,52.57,57.17,58.85,59.25,59.28,63.06,28670.59,29450.04,30640.35,30788.62,32911.4,34150.16,37284.45,38958.86,41278.33,40361.1,43035.89,44403.38,44803.97,46726.85,47901.45,49045.34,51976.01,55356.68,57462.78,60334.81,60398.45
Dominican Republic,50.7,51.8,52.72,52.56,52.51,68.44,52.44,53.24,75.32,64.71,46.3,,,,,,,,,,,,,,38.42,38.16,41.44,40.52,40.69,40.78,44.46,46.04,46.04,46.31,38.76,40.94,42.03,45.44,46.04,32.92,36.74,40.98,45.11,44.24,46.56,35.56,36.56,38.14,39.44,36.15,34.6,41.05,32.39,31.08,37.83,35.06,31.86,30.64,32.99,42.11,44.21,48.97,50.96,51.82,52.39,56.27,6760.13,6973.54,7295.06,7226.72,7506.73,8356.01,9274.9,10098.7,10491.62,10539.4,11410.35,11869.12,11900.49,12482.16,13475.01,14740.83,16109.86,16735.36,18137.05,19191.58,17936.73
Ecuador,58.42,56.19,58.27,57.77,61.09,69.34,60.55,58.54,66.58,57.42,51,,,,,,,,,,,,,,44.53,44.42,43.05,43.44,45.72,44.35,46.58,53.55,53.41,50.46,51.05,48.62,47.94,52.55,53.55,37.58,38.97,44.68,41.55,45.63,45.47,44.4,43.4,34.96,44.91,44.4,44.07,47.01,37.48,34.65,35.9,34.72,41.07,34.4,39.34,50.47,53.08,49.8,44.01,48.55,49.71,48.54,5838.9,6094.35,6332.19,6513.3,7117.17,7598.95,8037.89,8294.64,8845.55,8818.68,9090.31,9857.52,10311.4,11153.69,11713.18,11060.29,11034.27,11617.91,11839.34,11851.47,10896.43
Egypt,48.34,52.19,53.67,53.77,54.92,62,55.18,61.11,66.45,61.21,43.3,,,,,,,,,,,,,,39.13,37.93,38.21,38.72,38.51,38.61,38.94,40.06,40.37,36.25,33.22,32.88,34.52,33.9,40.06,32.66,29.99,37.3,32.19,38.83,41.48,41.49,40.14,42.8,48.74,30.76,32.67,28.65,32.77,28,36.59,35.13,38.97,36.14,40.26,47.9,48.45,48.15,56.13,51.09,50.89,50.41,5838.9,6094.35,6332.19,6513.3,7117.17,7598.95,8037.89,8294.64,8845.55,8818.68,9090.31,9857.52,10311.4,11153.69,11713.18,11060.29,11034.27,11617.91,11839.34,11851.47,10896.43
El Salvador,50.72,51.25,51.87,52.2,52.49,69.07,52.08,43.79,68.07,53.91,43.1,,,,,,,,,,,,,,39.85,39.07,39.84,40.49,39.99,40.23,44.73,40.88,41.03,40.33,35.29,39.62,36.48,40.74,40.88,51.31,49.97,50.99,47.62,52.68,61.06,36.35,35.1,52.26,48.41,34.62,38.58,43.03,27.75,24.96,31.72,29.4,27.26,24.78,26.25,41.53,42.94,42.33,50.45,45.99,48.63,52.57,4447.65,4554.85,4672.35,4807.71,4956.55,5224.75,5591.44,5823.17,6063.27,5956.87,6127.08,6465.81,6541.22,6877.15,7233.19,7597.69,8038.63,8454.06,8820.84,9168.05,8498.97
Eritrea,34.83,35.7,36.27,37.36,38.02,54.63,38.39,25.76,36.73,39.34,30.4,,,,,,,,,,,,,,32.3,32.96,32.7,35.08,33.94,34.24,35.86,36.67,35.3,30.7,33.52,33.79,35.17,38.42,36.67,44.18,49.45,50.48,57.79,53.39,57.65,27.3,28.27,46.97,32.45,34,34.84,33.62,18.2,22.03,19.81,18.66,16.27,14.49,17,38.01,35.01,35.35,37.51,32.26,33.3,32.6,1528.58,1640,1642.46,1553.46,1547.72,1575.14,1556.66,1578.9,1420.74,1459.83,1485.2,1625.51,,,,,,,,,
Estonia,55.62,56.3,55.68,57.15,56.39,63.8,56.09,74.66,88.59,64.31,65.3,49.2,51.5,51.3,52.7,53,52.45,45.52,51.58,47.24,46.04,52.02,44.37,48.05,49.39,49.71,53.56,53.73,54.42,54.92,59.38,55.71,56.51,65.38,63.31,60.5,63.32,63.84,55.71,33.63,37.92,42.21,40.75,46.55,49.85,48.92,48.54,43.07,46.24,49.79,51.87,59.4,51.4,48.17,51.89,52.86,53.82,50.35,55.81,53.08,61.71,62.61,62.63,60.84,62.52,68.02,9437.81,10326.33,11670.37,13123.84,14522.47,16624.91,19307.45,22164.75,22830.09,20608.9,21815.02,24780.98,26190.55,27642.58,29135.71,29389.26,31577.07,33856.18,36326.8,38819.34,38394.92
Ethiopia,51.57,51.88,52.68,53.77,52.5,43.14,52.71,39.43,45.83,44.78,34.4,,,,,,,,,,,,,,41.78,41.84,43.23,45.08,46.79,46.72,47.02,49.98,49.68,47.88,50.89,53.46,54.5,51.73,49.98,50.53,59.07,60.73,64.36,64.36,69.66,34.96,36.55,49.55,53.66,39.16,39.81,40.05,26.31,24.19,25.42,26.31,25.68,23.29,23.52,47.47,48.25,46.19,47.26,51.26,51.66,50.15,482.88,519.27,520.34,503.97,571.4,640.66,711.59,792.35,870.72,928.63,1028.32,1134.78,1213.6,1283.57,1513.7,1657.34,1878.81,2021.56,2154.02,2315.35,2422.96
Finland,62.22,61.77,61.48,62.61,64.66,74.74,64.44,75.72,90.68,78.64,78.9,49.1,46.1,49.5,55.1,53.9,56.58,56.57,56.76,58.27,56.28,66.55,62.61,63.25,53.63,54.4,56.18,57.37,58.74,59.47,60.4,58.75,59.93,66.25,60.77,61.39,62.32,60.54,58.75,44.16,41.41,51.46,53.38,55.6,55.28,60.01,58.39,41.87,48.99,56.95,58.78,61.57,58.55,56.87,64.17,63.88,63.87,59.34,64.35,47.93,52.63,49.04,53.67,56.32,61.3,60.27,26796.36,27807.71,28605.12,29021.57,31175.88,32051.79,34409.03,37792.41,40083.7,38000.25,38986.22,40916.84,40873.1,41493.14,41757.4,42497.7,44934.45,47570.13,49755.14,51556.53,51089.79
France,62.3,66.74,67.07,68.25,68.72,78.22,69,71.05,88.2,83.95,80,56.8,62.2,63.5,64.6,66.3,64.74,65.9,64.11,65.97,66.17,59.8,59.3,57.9,50.33,50.4,51.78,52.88,52.4,51.95,55.52,51.57,52.23,56.3,50.96,45.2,46.4,48.83,51.57,36.89,42.74,49.26,53.25,53.09,56.73,51.75,53.81,40.74,32.43,51.2,51.93,55.61,56.92,54.46,56.37,57.99,58.29,54.61,59.7,51.26,54.63,49.59,53.24,55.09,53.74,56.72,26101.97,27501.93,28523.89,28143.64,29036.39,30498.58,32425.12,34079.93,35095.27,34703.6,35930.31,37440.63,37679.12,39523.86,40144.03,40850,42924.61,44577.06,46569.02,49377.13,46226.95
Gabon,49.99,56.32,57.14,56.45,55.42,56.44,57.91,46.6,67.37,45.05,45.8,,,,,,,,,,,,,,40.72,41.85,43.35,43.22,43.59,43.16,43.9,55.03,52.6,54.5,57.14,58.25,57.95,60.05,55.03,43.15,52.34,53.13,38.5,57.06,55.12,33.08,32.49,50.05,46.02,35.79,37.06,40.37,25.7,30.39,34.43,21.56,26.12,23.79,21.88,50.23,50.62,42.7,50.11,40.75,39.94,42.06,13852.35,14117.7,13968.82,14199.31,14315.11,14755.37,14366.19,15187.92,14517.85,14177.17,14837.02,15638.75,15356.24,15114.38,15370.97,14699.54,14286.19,15006.84,15098.45,15582.31,15190.64
Georgia,53.63,55.95,56.25,56.28,57.34,63.64,56.84,47.23,64.96,55.69,41.3,,,,,,,,,,,,,,41.89,43.98,47.08,47.77,49.88,48.83,51.23,42.83,43.72,51.87,49.66,50.8,47.16,52.59,42.83,38.98,43.43,42.5,55.31,45.76,49.6,37.12,39.16,29.91,39.47,44.33,47.02,47.38,39.5,41.46,41.97,42.72,51.95,46.57,47.26,52.66,56.59,56.18,57.79,56.88,57.62,59.33,3104.52,3377.05,3650.86,4157.88,4545.29,5169.06,5860.36,6810.19,7132.21,6986,7564.06,8360.3,9826.05,10611.77,11575.55,12089.17,12858.48,13589.71,14595.63,15623.15,14863.02
Germany,66.8,66.91,65.98,66.37,66.68,73.22,66.91,80.47,84.26,78.37,77.2,64.5,65.3,65.3,67,67.2,67.54,61.9,59.6,58.39,56.58,56.58,55.18,55.78,51.97,52.82,52.06,53.45,53.84,53.52,54.57,40.8,42.65,39.85,37.16,35.73,36.37,36.86,40.8,36.29,35.37,46.58,36.08,50.07,52.68,57.27,59.13,46.14,41.5,57.36,56.42,56.3,64.59,61.83,63.74,64.22,65.15,60.63,60.44,59.07,64.22,60.68,62.7,61.74,64.1,66.58,27210.87,28380.81,29178.64,29877.33,31307.86,31794.1,34114.62,36243.46,37802.39,36842.92,38982.43,42541.53,43359.61,44993.89,47011.55,47609.78,50579.68,52952.88,54954.85,55891.2,53694.35
Ghana,44.98,42.61,46.55,45.95,47.04,51.33,47.5,32.07,58.89,49.66,27.6,,,,,,,,,,,,,,43.41,42.47,43.95,44.48,42.97,42.92,48.49,51.23,50.09,46.8,53.51,49.13,48.94,55.62,51.23,41.48,52.01,56.1,42.41,57.69,63.81,36.97,38.45,46.67,46.29,36.45,36.44,40.64,35.24,32.31,36.88,34.45,31.53,25.24,27.26,53.12,50.01,43.91,40.47,40.07,46.28,55.1,1771.54,1837.25,1903.15,1989.77,2104.81,2241.29,2394.93,2500.8,2711.88,2792.97,2973.83,3379.48,3781.87,5294.82,5256.67,5005.02,4844.66,4983.69,5302.2,5625.1,5596.31
Greece,55.8,56.91,58.28,59,59.61,60.87,60.04,73.28,85.81,73.6,69.1,46.8,44.7,46,52.4,50.3,52.04,51.5,55.89,55.06,58.29,47.86,50.86,52.59,42.79,42.41,45.2,46.92,47.44,47.44,49.96,46.85,47.99,48.1,43.01,40.84,40.77,44.74,46.85,35.83,43.31,47.74,45.98,51.25,46.03,41.98,42.04,36.62,37.64,43.55,43.63,50.01,46.5,43.02,49.03,49.72,51.51,46.85,49.88,40.26,43.15,40.45,49.21,49.4,54.67,59.15,19524.68,20963.84,22615.94,23871.97,25439.35,25577.52,28510.94,29284.67,30856.01,30381.49,27934.41,25671.52,24912.19,25947.94,26642.11,26721.12,27471.24,28645.04,29680.94,30869.15,28463.79
Guatemala,47.53,47.73,48.76,51.9,52.38,53.97,51.88,48.06,69.64,52.33,31.8,,,,,,,,,,,,,,41.86,39.97,37.25,40.3,39.25,39.49,41.61,46.35,46.2,41.5,45.03,38.68,38.61,45.48,46.35,55.88,54.41,52.39,42.82,52.89,57.68,33.13,31.9,39.2,34.91,35.1,33.03,33.28,27.21,17.84,19.16,21.98,21.51,22.77,22.38,46.75,48.05,42.92,48.61,48.15,50.15,49.26,4763.66,4863.45,5013.51,5124.39,5313.31,5541.98,5894.58,6310.61,6518.39,6476.43,6618.19,6910.88,7204.73,7446.59,7758.49,8194.44,8221.75,8322.22,8665.35,9019.26,8854.2
Haiti,39.19,38.8,40.27,41.07,41.12,39.5,41.15,19.01,43.28,33.74,27,,,,,,,,,,,,,,32.87,32.55,32.57,34.5,33.21,31.25,35.54,31.31,29.38,27.83,27.53,27.64,29.35,31.07,31.31,48.68,54.56,51.43,60.88,55.15,52.48,31.77,32.08,49.66,38.63,28,29.37,32.42,26.3,23.53,25.79,30.12,28.71,20.12,31.29,27.41,29.08,28.69,32.44,27.53,22.26,30.45,2095.54,2098.39,2115.57,2190.73,2185.86,2297.85,2370.15,2528.65,2600.31,2742.47,2628.28,2805.73,2762.44,2872.19,2897.22,2903.36,3025.73,2980.96,3064.16,3028.31,2925.37
Honduras,49.35,48.63,49.1,51.11,52.03,49.87,52.54,48.87,69.64,51.51,37.8,,,,,,,,,,,,,,34.13,34.14,36.52,37.95,38.03,36.2,42.17,44.51,45.02,39.91,40.91,40.94,40.36,45.83,44.51,40.3,54.42,51.33,59.35,54.5,57.61,28.81,28.83,40.15,39.8,31.82,29.93,33.98,27.94,24.31,29.39,26.41,30.33,25.32,32.6,30.46,32.21,31.4,38.76,32.43,30.88,40.85,2591.33,2648.81,2720.27,2824.61,3006.7,3210.35,3443.77,3671.33,3816.84,3674.23,3778.46,3928.27,4032.58,4142.24,4452.59,4823.4,5147.25,5561.99,5816.75,5978.76,5420.56
Hungary,52.36,53.36,55.07,56.47,56.96,69.11,57.12,70.28,84.6,65.01,63.7,61,60.5,55.6,61.8,60.7,66.41,65.17,62.82,60.76,55.05,44,46.79,41.17,45.74,44.97,47.32,47.79,48.8,49.22,52.88,47.76,48.5,45.43,45.85,44.66,44.43,53.5,47.76,34.51,39.39,44.1,36.1,47.42,48.34,47.3,45.63,40.66,46.54,43.86,45.03,46.03,51.26,45.08,51.48,49.76,53.2,50.86,57.5,44.95,51.15,54.73,56.69,55.77,58.35,59.04,11858.33,13213.64,14526.39,15465.37,16230.26,17073.55,18337.21,19041.09,20696.73,20689.05,21716.65,22999.83,23206.26,24498.66,25642.56,26777.47,27911.66,29465.13,31831.98,33956.82,33084.1
Iceland,63.95,64.2,64.6,64.79,65.85,93.48,66.28,76.5,90.51,78.57,72.3,,,,,,,,,,,,,,56.19,56.09,56.02,57.62,59.29,57.3,60.74,58.82,60.75,59.45,59.81,57.92,58.01,63.8,58.82,46,42.35,49.88,43.92,56.02,52.04,62.14,61.24,32.77,35.62,59.72,58.43,65.37,56.63,51.82,58.71,60.26,61.89,55.45,61.26,55.91,60.63,57.78,60.08,60.89,58.61,61.21,29792.05,31889.82,32607.11,32665.54,35586.69,37322.74,39647.23,41413.1,43728.11,41895.01,39805.67,40936.87,42004.45,44409.67,45996.97,49201.06,53480.4,55638.49,58222.34,60081.85,55216.03
India,35.32,35.03,36.08,36.27,36.39,48.35,36.23,31.23,53.58,30.57,27.6,62.4,62.1,63.1,64.1,58.6,60.77,57.16,56.97,58.19,59.08,60.02,62.93,66.02,37.98,37.74,36.93,40.48,39.52,39.49,42.36,30.39,28.75,28.18,32.39,29.63,30.67,35.3,30.39,33.74,37.57,42.36,37.32,44,50.64,39.73,39.27,46.72,45.5,40.86,40.53,37.79,30.76,32.14,34.37,34.45,34.69,32.1,35.68,54.24,54.78,47.97,52.1,48.55,50.13,52.41,2095.65,2206.45,2287.63,2472.1,2695.89,2953.11,3237.29,3525.31,3650.94,3912.42,4236.74,4493.67,4861.16,5057.23,5233.88,5464.86,5839.86,6182.92,6675.36,6997.86,6454.35
Indonesia,47.48,48.45,49.6,50.28,51.94,44.61,52.29,44.36,65.85,46.92,37.8,57.6,53.8,54.9,59.7,57.2,57.07,56.24,59.57,58.21,58.86,48.94,48.68,44.65,46.1,45.24,45.05,44.7,44.91,45.38,47.44,48.44,47.11,44.78,44.67,42.08,42.73,46.78,48.44,37.57,45.14,44.28,45.2,44.45,45.58,39.54,39.4,41.69,49.83,42.56,43.96,43.95,41.11,36.52,33.53,33.9,37.01,41.07,41.79,63.75,65.61,62.57,57.95,58.98,54.72,59.11,4743.94,4956.36,5190.37,5465.26,5816.18,6254.61,6708.58,7229.54,7710.67,8021.75,8505.75,9095.74,9713.9,10067.47,10278.18,10247.21,10494.47,10935.63,11644.76,12311.5,12073.46
Iran,40.62,42.39,42.41,43.03,42.64,59.96,42.73,51.08,66.32,58.16,48,49.4,48.6,49.2,47.2,36,35.81,37.81,40.99,43.33,43.05,23.05,23.94,28.41,36.95,34.62,37.51,40.94,41.66,42.65,45.35,30.23,30.1,34.96,36.88,32.18,34.55,42.21,30.23,26.17,32.18,36.44,43.77,39.25,35.29,30.36,29.76,41.84,43.13,35.03,38.39,43.07,50.22,39.43,38.73,43.56,47.49,45.96,49.97,46.07,47.64,50.01,51.2,54.35,55.08,56.2,10300.53,10484.41,11284.43,12341.61,13070.56,13745.92,14702.96,16150.33,16326.32,16433.26,17388.9,18008.8,15950.1,15273.84,15235.7,13588.47,14011.55,14535.87,13795.32,12913.16,13116.07
Iraq,25.58,25.57,25.47,25.85,25.22,41,25.32,33.39,63.97,43.2,39.5,,,,,,,,,,,,,,32.32,31.37,33.36,30.23,33.12,34.62,33.89,30.66,28.84,33.01,25.26,25.66,25.15,30.57,30.66,31.88,35.29,38.99,41.78,43.31,35.57,31.74,32.62,37.38,46.6,33.54,33.16,31.6,24.07,23.7,24.14,17.82,24.46,26.93,24.38,41.32,39.83,39.82,35.42,38.77,44.57,47.34,11058.47,11162.53,10107.29,6339.84,9731.94,9972.28,10646.22,10953.53,11883.37,12127.63,12717.02,13515.55,15163.35,15535.35,13888.08,9763.9,9428.61,10719.01,10594.62,11012.05,9763.51
Ireland,54.42,55.25,56.34,57.65,58.33,67.11,58.69,74.67,86.6,78.77,72.8,46.4,55.6,54.9,59.8,60.9,67.48,65.01,65.15,62.65,59.02,38.74,40.84,44.04,49.88,50.82,53.95,55.43,55.53,53.62,56.76,49.36,51,54.01,48.79,48.86,46.42,45.41,49.36,46.13,52.67,53.96,48.71,58.39,64.41,55.57,56.2,28.53,33.1,49.06,49.65,52.88,53.97,50.95,55.91,55.78,56.52,47.18,52.24,45.65,49.83,54.77,68.67,66.15,66.46,68.85,30192.31,32560.21,35211.19,36235.06,38683.7,40448.21,44172.72,46730.97,44248.46,41566.74,43316.41,44887.85,46253.47,47885.31,51154.46,69042.77,71697.53,78655.63,84910.55,89431.4,93612.17
Israel,54.07,53.78,54.69,55.04,54.75,62.43,54.64,65.78,78.14,75.01,65.8,,,,,,,,,,,,,,43.74,43.47,45.12,47.22,47.78,47.47,48.9,32.47,31.16,31.88,24.35,24.13,24.88,31.58,32.47,30.84,38.81,41.91,51.93,43.61,44.05,46.21,46.12,47.76,41.47,45.87,47.11,47.2,59.68,54.61,60.03,63.04,64.31,60.79,62.05,50.27,54.63,51.81,61.32,61.37,60.98,59.62,24998.38,24975.34,25284.82,23886.74,25254.73,24854.38,25706.58,27499.18,27462.73,27490.98,28825.65,30486.85,31693.05,34152.3,34267,35475.18,37794.81,38833.97,40343.1,41947.59,41854.93
Italy,63.24,67.49,68.35,69.08,69.53,73.05,68.9,74.36,84.48,76.96,71,47,47.1,48,52.7,55.4,61.26,62.9,61.75,62.98,60.72,59.65,58.69,53.92,46.41,45.92,46.62,49,50.23,49.92,51.61,44.4,44.7,46.42,40.56,40.42,41.06,41.37,44.4,38.46,40.11,50.38,51.53,52.11,54.6,46.62,48.32,35.61,45.36,50.75,52.17,53.16,48.92,44.84,49.31,51.95,53.07,48.82,50.9,50.7,53.28,49.43,52.19,53.49,55.43,58.01,27084.19,28045.86,28736.58,29166.83,29530.22,30130.64,32410.18,34099.79,35523.27,34628.4,35185.29,36598.01,36486.3,36314.7,36194.87,36899.39,39926.95,41581.12,43123.61,44850.93,41839.99
Jamaica,51.97,52.34,52.48,52.81,53.11,58.04,54.36,58.26,77.02,58.58,48.2,,,,,,,,,,,,,,39.58,36.82,37.8,37.28,37.76,38.97,42.5,30.68,28.56,26.22,28.03,30.66,31.15,38.56,30.68,46.32,53.82,47.73,42.14,50.68,55.18,41.28,40.63,50.68,36.19,33.64,34.5,38.55,43.31,29.14,40.15,33.77,34.02,33.77,38.29,39.1,39.44,34.94,44.89,40.49,44.74,41.91,6355.85,6533.37,6723.68,7056.15,7300.06,7553.2,7965.48,8255.17,8306.5,7966.13,7900.2,8159.88,8187.19,8442.98,8545.1,8792.06,9194.16,9600.1,9968.59,10190.47,9221.59
Japan,59.68,62.14,62.46,63.04,63.26,72.54,63.36,72.35,80.59,74.69,75.1,46.9,47.1,50.9,53.1,51.1,52.1,47.21,45.07,37.23,35.93,35.76,40.63,39.03,53.33,52.06,51.95,52.8,52.32,51.13,52.48,45.66,46.6,44.18,41.39,36.87,37.97,38.42,45.66,29.72,33.65,45.06,47.58,48.29,44.93,55.29,56.82,32.77,32.32,54.25,54.96,57.88,64.75,61.61,65.71,63.24,64.97,62.33,65.72,69.41,65.53,57.82,57.98,58.99,52.08,55.46,26838.69,27472.55,28160.11,28924.68,30348.04,31663.45,33090.2,34501.51,34798.77,33198.62,34986.99,35774.7,37191.39,38974.08,39179.16,40388.55,39964.28,40966.59,41695.64,42197.25,
Jordan,39.73,40.09,40.67,41.42,41.92,56.11,42.16,55.78,72.24,62.2,53.4,,,,,,,,,,,,,,37.94,37.06,38.55,39.55,38.24,37.68,39.52,27.14,24.53,20.22,21.93,20.83,23.86,29.07,27.14,33.63,39.31,43.19,66.62,45.53,47.43,48.25,47.37,37.6,38.48,43.19,43.66,41.42,41.8,41.18,42.55,38.14,34.49,33.18,33.13,39.07,38.58,40.13,51.32,47.35,42.15,46.55,5937.21,6271.09,6611.77,6864.41,7452.62,8043.57,8619.91,9171.45,9565.49,9628.06,9460.29,9402.62,9189.19,9322.3,9181.05,9464.68,9445.92,10003.57,10253.82,10497.3,10355.63
Kazakhstan,34.63,32.98,33.1,32.57,32.54,57.3,32.94,51.07,73.29,54.56,44.7,44.6,40.6,41.4,42.5,38.1,39.96,37.64,37.72,32.97,36.87,28.17,36.47,33.39,44.2,43.11,46.21,45.54,47.21,44.92,47.11,39.43,39.84,46.46,39.81,41.5,42.58,52.3,39.43,22.81,31.38,30.73,49.38,33.63,33.02,47.16,46.22,42.35,42.75,52.3,50.91,49.04,48.02,46.22,49.13,49.29,50.32,41.53,45.47,59.96,60.43,54.44,57.21,59.72,55.95,55.7,7733.79,8985.66,10021.9,11119.89,12428.84,13934.72,15725.35,17384.92,17968.24,17962.83,19225.08,20779.44,22032.17,24504.77,24726.47,23224.12,23818.82,24862.97,26157.66,27466.22,26728.54
Kenya,46.86,48.78,49.18,49.44,49.57,51.39,49.28,36.99,62.49,47.25,34.7,,,,,,,,,,,,,,38.56,37.86,40.95,43.7,43.72,43.37,46.52,36.56,35.79,35.43,36.1,35.12,34.17,35.68,36.56,51.53,58.91,63.17,57.06,66.33,69.55,31.85,32.28,47.43,45.62,36.21,37.9,40.27,35.99,26.76,34.5,39.61,37.83,36.05,38.91,40.69,42.93,43.53,43.42,42.8,42.4,48.19,1617.53,1669.33,1659.38,1693.26,1778.54,1889.79,2016.6,2152.22,2139.16,2166.33,2311.98,2437.88,2530.34,2767.4,3021.43,3361.98,3635.28,4046.23,4304.77,4512.98,4452.21
Kuwait,37.26,36.91,36.61,36.37,36.11,51.13,35.54,63.94,64.41,62.28,53.6,,,,,,,,,,,,,,39.97,39.71,42.14,41.16,36.94,36.37,41.15,36.75,37.34,29.65,30.24,26.91,27.08,35.49,36.75,21.55,33.58,36,44.06,30.64,27.33,54.96,57.53,40.13,38.15,43.67,43.38,50.81,35.89,34.32,38.75,38.82,36.09,30.64,36.69,49.76,47.8,51.5,54.56,47.61,50.12,55.43,56179.3,55943.36,57617.54,68071.05,75700.7,83689.27,88660.52,91473.21,90096.44,79424.38,73965.97,78178.22,82680.41,78058.38,70082.46,47230.66,44685.5,50855.55,51690.57,51962.05,
Kyrgyzstan,46.15,46.32,46.3,46.86,46.73,59.68,46.33,40.63,73.1,54.86,39.8,,,,,,,,,,,,,,42.74,42.85,44.33,45.19,47.19,45.69,46.62,47.97,47.75,45.45,47.21,48.49,47.5,46.03,47.97,37.4,39.39,45.66,43.14,47.25,45.46,43.59,43.55,41.91,34.73,49.51,51.94,51.71,36.59,38.31,45.62,41.76,46.01,40.95,43.74,46.31,47.25,44.02,45.05,45.01,40.81,46.14,1863.74,1987.03,1999.67,2157.27,2342.49,2384.18,2505.47,2766.05,3027.86,3101.34,3085.65,3297.37,3618.15,4042.89,4281.82,4214.83,4681.17,5046.69,5256.4,5480.74,4965.03
Latvia,63.8,65.19,68.59,69.61,70.17,72.51,70.37,64.05,85.71,66.12,61.6,58.1,56.1,57.5,61.9,59.1,58.63,58.73,56.65,61.38,61.2,63.02,68.31,60.75,46.88,48.48,51,54.18,54.35,54.41,58.17,55.08,56.34,60.24,58.38,54.96,56.71,62.08,55.08,38.25,50.09,56.72,57.69,61.07,61.54,44.32,43.81,31.3,33.57,46.8,47.24,51.75,48.86,46.29,44.84,50.51,49.13,44.06,49.43,49.13,57.74,57.8,59.27,59.48,62.96,66.06,8033.31,9036.58,10068.68,11028.41,12239.67,13877.66,15799.45,18185.45,19519.63,16975.88,17656.51,19879.2,21407.52,22812.92,23803.81,24961.35,26710.1,28650.01,30799.43,32002.76,32019.22
Lebanon,47.37,46.73,47.72,47.75,47.71,57.91,47.35,50.15,69.14,61.08,45.4,,,,,,,,,,,,,,38.88,39.63,39.75,36.79,37.06,37.29,37.93,31.55,32.41,28.62,18.36,19.64,20.5,26.48,31.55,30.08,34.58,40.63,49.79,44.42,39.89,48.91,48.01,34.98,44.54,46.93,47.75,44.52,41.54,44.92,47.96,32.34,33.37,33.46,35.94,42.53,42.73,37.4,46.59,41.59,40.33,42.85,8952.12,9146.93,9170.33,9189.07,9668,9955.02,10281.73,11522.56,12819.01,14095.57,14961.73,14669.42,14819.59,14976.78,15029.61,15067.77,15479.82,15987.65,15962.42,15166.98,12288.76
Lithuania,61.89,62.68,64.3,65.1,65.21,68.33,65.5,61.26,85.49,69.33,62.9,55.9,56.2,55.9,59.5,61.4,60.23,60.94,60.07,58.65,59.75,69.2,70.47,66.22,49.1,49.26,51.76,51.76,50.76,50.62,55.87,54.39,54.89,59.59,55.41,51.36,52.35,57.5,54.39,41.4,46.06,53.52,57.92,56.8,62.3,47.56,49.44,57.2,52.06,45.42,48.11,51.2,52.93,47.05,54.43,51.51,49.24,43,48.17,46.43,53.54,50.87,54.17,52.33,52.82,60.18,8449.57,9440.15,10480.72,12055.23,13019.57,14510.53,16461.79,19071.44,20721.01,18130.06,20112.1,22884.82,24703.69,26721.58,28184.47,28834.43,30925.17,33761.87,36346.4,38765,38734.73
Luxembourg,68.82,68,68.18,68.69,69.28,67.83,69.2,83.29,86.58,79.12,82.3,39.2,40.4,42.8,48.3,55.2,59.56,60.27,57.25,62.47,62.86,55.54,59.92,60.91,51.59,52.84,53.78,53.63,53.18,54.45,57.95,45.24,44.72,48.23,42.62,39.75,40.2,46.85,45.24,42.29,49.97,58.62,39.05,63.53,68.28,62.63,62.26,38.59,52.76,56.24,57.22,58.87,60.17,59.33,52.51,52.12,54.54,49.69,51.84,48.17,55.61,55.21,56.37,54.32,61.62,63.92,55365.29,55895.62,58771.51,60043.96,64056.87,68220.06,77928.01,83960.98,86693.9,82321.87,85685.79,92005.02,91622.18,95590.54,101297.58,103722.99,110660.87,112308.17,116644.85,120962.19,118359.53
Macedonia,44.88,45.05,46.07,46.28,46.2,60.63,46.96,50.41,78.02,61.06,55.4,,,,,,,,,,,,,,38.68,38.72,43.22,44.31,45.62,47.2,50.42,44.81,45.72,45.93,38.96,44.18,44.7,51.55,44.81,27.44,35,41.99,57.32,45.57,49.29,43.96,41.31,38.35,50.15,45.9,49.31,51.95,29.96,34.45,41.85,42.82,44.36,42.22,43.05,40.78,44.66,50.98,52.28,48.13,54.2,56.24,34957.33,35903.46,38757.99,42986.55,54543.28,59366.36,67816.17,78028.46,80531.42,80435.61,99581.23,120804.82,134012.01,153563.91,152856.34,116330.41,114930,126183.68,135596.11,132539.15,57807.16
Malaysia,59.7,59.95,60.57,62.79,63.26,64.99,62.51,59.31,74.23,59.22,47.9,44.2,44.3,46.9,47.1,49.2,47.53,47.06,46.84,53.49,50.96,32.61,38.08,34.21,45.9,44.62,47.42,46.71,46.03,46.44,47.05,49.64,50.14,49.92,48.88,45.59,47.29,48.66,49.64,25.57,33.3,38.21,40.5,37.87,34.66,44.32,45.03,46.46,44.3,45.04,47.61,48.56,54.11,49.2,54.45,51.88,51.63,51.4,52.68,52.79,53.17,56,50.44,50.93,48.05,50.69,12913.17,12976.68,13606.05,14369.83,15450.05,16454.22,17549.6,18784.48,19695.08,19193.19,20508.76,21704.74,22985.8,23477.99,24607.67,24801.89,25546.13,26661.51,28219.8,29564.01,27886.86
Malta,47.85,47.29,47.88,47.6,48.1,76.33,48.51,67.42,88.48,80.9,70.7,57.8,55.1,55.2,63.8,60.6,67.07,66.05,60.84,61.82,62.51,61.87,65.06,60.76,41.67,45.24,45.2,48.1,47.56,46.61,50.86,36.56,35.64,28.54,27.07,23.05,28.72,32.4,36.56,36.74,42.58,46.66,43.86,50.77,56.01,45.96,44.72,36.57,39.78,49.6,51.44,56.19,49.74,59.53,62.2,60.56,58.76,47.15,48.66,39.8,49.58,45.74,57.81,55.04,54.97,61.05,18363.49,18518.55,19599.85,20907.96,21527.47,22306.68,23289.81,25028.76,26523.47,26669.16,28744.7,28973.2,30243.99,32295.88,34344.11,37455.07,39886.95,42644.05,44482.24,46766.77,42640.12
Mexico,43.28,44.85,46.7,47.63,48.66,67.34,49.11,55.03,73.59,59.69,52.6,62.5,59.1,61.2,64,64.6,64.91,61.5,61.3,57.04,57.02,54.77,56.82,47.01,43.42,41.44,44.17,44.69,44.86,44.41,46.37,47.28,47.02,49.24,47.05,43.25,44.48,49.31,47.28,31.05,40.58,43.27,39.66,45.26,47.68,41.77,40.37,32.37,42.82,40.66,41.36,40.82,43.95,36.39,37.29,42.27,41.68,38,40.23,51.79,52.37,52.13,50.54,53.51,52.96,53.79,11089.81,11129.87,11187.48,11482.45,12085.76,12657.64,13808.18,14290.07,14924.82,14558.24,15260.62,16520.26,17162.93,17373.9,18056.79,18301.5,19323.67,19721.26,20257.83,20447.89,18833.08
Moldova,42.32,43.32,43.54,44.15,44.54,58.83,45.21,53.36,76.69,51.97,44.4,,,,,,,,,,,,,,42.1,41.56,43.5,46.87,46.9,46.53,49.77,36.1,38.25,37.17,35.4,35.82,37.08,41.88,36.1,36.7,45.66,54.6,44.13,58.33,57.11,45.11,45.96,32.45,40.23,47.32,47.56,51.72,42.1,38.2,42.14,39.63,40.27,36.92,41.16,46.01,48.68,44.75,56,53.32,52.77,56.96,3083.74,3351.09,3678.13,4004.96,4428.07,4920.41,5327.43,5647.73,6218.5,5897.39,6396.09,6913.6,7363.16,8381.67,8827.05,9254.85,10610.48,11651.32,12659.98,13572.7,13001.55
Mongolia,41.77,42.33,43.43,44.43,45.14,42.8,45.37,44.67,64.39,57.51,32.2,,,,,,,,,,,,,,43.44,43.69,45.25,42.35,42.34,40.51,43.79,38.36,36.75,38.71,37.12,35.01,33.72,47,38.36,27.24,41.98,39.38,39.25,41.05,38.24,48.55,52.99,36.93,35.12,52.05,51.04,48.64,45.72,47.81,43.37,39.79,46.58,39.58,35.29,54.31,53.69,49.94,42.73,37.57,37.17,49.77,3729.25,3887.62,4095.96,4418.14,4963.62,5424.23,5989.66,6689.46,7319.1,7167.25,7581.55,8912.87,10227.53,10549.89,11056.3,10767.15,10742.66,11311.76,12201.65,12837.67,12100.59
Morocco,42.97,44.17,45.07,45.07,45.47,65.61,45.76,51.89,74.18,63.47,42.3,54.8,55.8,53.3,59.4,57.9,62.01,63.99,65.73,63.76,63.28,68.22,70.48,70.63,36.88,37.42,38.12,37.07,38.91,40.4,41.84,40.29,39.88,36.94,30.99,29.88,33.15,38.44,40.29,29.49,34.49,42,49.35,45.32,45.49,35.01,33.6,33.42,46.19,36.29,38.72,36.44,31.69,37.13,40.94,36.38,38.3,36.21,37.87,45.43,47.02,45.27,42.36,44.77,48.58,50.98,3579.35,3878.29,4014.24,4281.4,4553.56,4793.27,5250.52,5516.87,5886.67,6107.38,6332.13,6712.32,6702.42,6916.01,6609.61,7024.96,7113,7312.06,7625.74,7856.25,7296.16
Mozambique,47.22,47.85,46.44,47.31,47.68,51.22,47.82,29.97,41.82,46.37,33.9,,,,,,,,,,,,,,40.32,40.49,42.01,41.99,41.03,41.05,43.72,52.43,52.41,50.2,51.21,52.77,53.55,55.47,52.43,44.27,61.28,56.71,44.12,57.53,57.91,37.54,38.36,45.09,41.11,37.01,38.08,43.32,21.63,23.68,23.32,26.4,24.47,23.67,26.57,44.56,43.72,36.89,35.81,33.78,32.43,35.3,478.31,532.55,574.15,606.71,652.8,697.43,766.28,824.48,877.6,914.78,958.94,1023.07,1035.52,1084.98,1139.05,1291.27,1363.67,1283.66,1320.7,1335.7,1296.58
Myanmar,50.92,52.65,52.83,52.38,51.62,51.3,52.72,27.44,48.98,45.32,25.1,,,,,,,,,,,,,,40.32,40.49,42.01,41.99,41.03,41.05,43.72,52.43,52.41,50.2,51.21,52.77,53.55,55.47,52.43,44.27,61.28,56.71,44.12,57.53,57.91,37.54,38.36,45.09,41.11,37.01,38.08,43.32,21.63,23.68,23.32,26.4,24.47,23.67,26.57,44.56,43.72,36.89,35.81,33.78,32.43,35.3,920.66,1036.38,1167.58,1341.34,1550.91,1801.92,2084.25,2381.41,2660.18,2944.33,3243,3469.14,3727.14,4016.32,4245.81,4416.55,4492.02,4739.92,5149.94,5297.44,4793.56
Namibia,50.16,50.48,49.78,48.09,46.66,59.28,50.68,43.71,70.84,58.46,40.2,,,,,,,,,,,,,,36.32,39.18,42.24,41.66,42.12,39.12,40.6,38,37.83,41.77,40.96,41.83,38.37,44.19,38,43.56,50.88,45.74,61.13,48.65,48.21,32.01,35.79,49.02,36.67,36.45,35.53,36.39,24.18,30.74,38.95,37.07,43.56,31.51,33.43,46.31,47.97,43.35,44.75,40.51,41.51,40.76,5202.66,5293.61,5550.08,5806.3,6593.76,6861.15,7442.06,7911.4,8129.63,8067.18,8499.52,8958.93,9341.11,9735.53,10467.23,10633.29,10427.12,10171.42,10334.57,10261.57,9382.22
Nepal,50.86,53.64,53.17,54.61,57.15,68.24,57.97,37,50.21,31.44,32.7,,,,,,,,,,,,,,46.44,44.68,43.65,43.94,45.01,45.61,49.42,49.27,49.38,45.91,46.71,42.63,43.66,51.3,49.27,47.14,56.7,57.02,50.13,59.35,61.34,47.4,45.24,30.79,39.46,51.21,46.55,47.73,35.58,35.02,29.78,27.61,25.66,31.22,32.66,49.31,46.62,44.01,41.77,46.2,47.26,54.05,1354.5,1426.45,1428.55,1491.06,1581.56,1666.25,1752.5,1838.69,1967.7,2055.85,2169.52,2288.25,2505.39,2702.22,2947.32,2996.22,2989.68,3565.2,3864.32,4119.92,4008.75
Netherlands,64.06,64.18,64.36,65.02,65.64,66.36,65.65,77.75,82.03,75.46,75.3,50.1,51.4,54.3,56.4,51.4,50.28,56.99,53.27,54.84,57.1,49.49,54.11,50.89,47.12,46.71,48.22,49.62,49.83,50.52,52.86,40.81,40.53,39.64,35.35,34.53,34.44,37.49,40.81,33.62,33.92,44.65,57.13,46.91,48.88,59.71,58.83,46.29,37.3,55.03,56.79,58.72,57.05,53.99,60.69,60.52,59.77,56.41,59.78,42.51,46.56,47.35,52.05,53.83,58.06,59.43,31884.69,33194.52,34447.21,34114.42,35780.11,37625.56,40958.92,43885.83,46420.2,44589.72,45078.32,46599.02,47272.1,49241.52,49233.22,50288.59,52288.42,55088.63,57901.1,59469.08,59228.83
New Zealand,59.32,61.92,62.54,62.27,66.74,73.36,66.05,76.41,88,75.96,71.3,50,46.2,44.8,53.7,54.5,54.48,53.49,52.56,52.41,50.48,49.57,44.61,45.67,51.23,50.93,53.46,53.56,54.36,53.9,57.17,60.06,62.78,61.99,61.88,61.51,60.97,60.94,60.06,39.67,39.51,50.46,51.29,52.67,51.67,50.21,49.06,47.6,42.06,48.43,51.08,56.15,49.86,45.31,57.76,43.76,45.53,43.39,54.29,52.53,57.8,58.11,64.13,64.56,61.37,62.78,21514.48,22496.75,23306.28,23961.42,25080.04,25677.42,27744.74,29355.66,29827.14,30700.56,31239.19,32701.38,32988.61,36242.62,37293.36,37479.68,39955.8,42285.32,43930.88,45073.2,44251.79
Nicaragua,55.46,56.54,57.63,59.1,59.34,57.05,59.23,50.32,64.19,55.04,39.2,,,,,,,,,,,,,,40.54,40.91,41.42,43.57,42.59,41.55,44.1,53.62,50.59,52.14,54.44,50,50.79,55.14,53.62,48.05,54.65,54.68,48.65,57.72,58.05,38.99,39.63,32.48,36.64,39.56,42.36,40.54,25.85,32.07,27.95,31.21,30.48,26.28,29.39,34.7,34.21,35.81,39.03,35.62,30.58,37.36,2783.28,2885.25,2911.15,2998.14,3198.4,3392.62,3590.86,3821.6,3974.77,3820.57,3981.09,4263.2,4427.96,4610.3,4941.7,5293.87,5694.05,6004.03,5867.26,5682.26,5570.1
Nigeria,37.34,37.15,38.23,39.12,39.52,40.19,40.14,39.2,58.27,54.76,31,,,,,,,,,,,,,,37.99,36.77,39.33,41.26,39.1,39.87,40.94,45.19,45.92,42.54,43.77,39.45,39.93,41.43,45.19,47.07,57.51,61.58,49.15,63.84,60,25.67,26.09,34.87,39.84,35.93,35.87,33.4,21.52,19.25,28.21,22.9,19.5,15.62,23.62,49.69,45.52,43.62,42.95,36.79,44.08,46.23,2306.11,2434.25,2780.79,2964.36,3241.72,3467.11,3690.84,3934.84,4170.73,4420.97,4703.2,4922.7,4982.95,5225.17,5507.17,5426.33,5234.68,5190.36,5278.85,5352.68,5186.72
Norway,68.13,69.1,69.88,70.13,70.32,81.13,69.92,78.04,86.9,77.49,77.7,57.6,60.5,61.8,67,61.9,58.38,59.32,57.88,54.65,52.9,67.99,62.8,61.14,53.43,54.58,59.43,58.16,58.38,56.9,57.69,60.41,60.64,61.96,57.8,58.29,59.05,57.49,60.41,35.93,48.27,47.95,42.68,50.25,46.42,58.8,61.5,32.25,36.86,57.62,58.63,64.96,56.6,53.22,62.36,66.71,69.2,64.26,66.72,55.99,61.62,61.26,59.74,56.67,52.31,52.83,36952.55,37780.64,37980.35,38553.93,42514.69,47797.53,54088.04,55862.66,61716.6,55404.97,57963.88,62076.74,65354.78,66961.25,65892.69,60368.92,58939.91,64050.76,69710.48,68345.07,63197.98
Oman,43.52,43.56,44.35,44.34,44.24,45.87,44,47.75,60.13,51.32,38.5,,,,,,,,,,,,,,44.24,43.51,44.08,43.16,46.86,44.74,41.62,41.22,39.2,35.56,31.34,37.7,38.56,39.82,41.22,23.23,35.61,42.28,48.3,41.56,26.87,52.45,53.29,50.21,36.3,47.31,44.22,47.89,48.39,43.46,43.17,42.82,53.78,46.02,45.06,54.73,58.36,50.88,54.82,54.74,53.32,48.49,35953.94,37938.25,37462.73,36341.62,36884.69,37960.46,40100.35,41774.24,44507.89,45516.42,44291.31,43425.17,44508.9,42078.86,38624.68,31122.74,28908.54,29077.36,29031.64,28448.86,
Pakistan,35.25,38.37,39.32,39.39,39.54,47.96,39.56,34.58,51.42,37.5,33.1,,,,,,,,,,,,,,33.31,31.79,35.34,36.62,38.53,38.34,36.11,32.45,30.6,29.5,33.25,34.53,34.45,32.8,32.45,35.09,44.47,44.01,57.46,46.74,43.14,37.48,37.3,34.65,41.1,40.27,41.89,39.19,11.03,9.2,15.05,16.94,22.7,20.86,25.21,47.8,46.74,49.66,50.16,48.81,47.74,40.19,2625.26,2709.03,2753.54,2898.03,3127.69,3357.36,3579.96,3766.86,3818.07,3868.74,3890.29,3993.56,4018.73,4103.63,4238.63,4373.01,4410.01,4571.21,4853.27,4888.85,4876.63
Panama,56.44,56.29,57.31,57.33,58.1,71.37,57.94,56.84,78,62.71,47.3,,,,,,,,,,,,,,42.33,40.8,43.89,44.44,45.36,45.1,46.28,51.62,54,53.64,51.34,51.36,54.34,52.58,51.62,38.78,46.4,47,54.28,51.14,46.69,39.04,36.7,38.43,35.2,37.12,37.26,42.71,41.57,28.35,28.31,27.7,34.22,31.35,36.57,43.93,46.15,50.42,56.33,55.23,51.41,52.84,8367.73,8435.29,8594.07,8951.65,9701.82,10527.45,11570.97,13066.86,14373.65,14405.11,15153.51,16923.93,18679.5,20809.81,22897.37,25319.26,27828.56,30446.84,31757.56,32761.38,26775.69
Paraguay,48.9,49.62,51.34,52.12,52.5,63.51,52.4,39.25,70.36,53.93,46.4,,,,,,,,,,,,,,43.56,44.42,46.74,48.23,46.46,48.3,49.7,62.8,65.71,60.85,61.34,63.26,62.02,67.57,62.8,41.7,48.3,52.33,63.32,55.15,52.7,38.19,37.61,35.28,38.11,36.01,38.57,41.59,31.75,30.54,43.45,42.38,37.8,31.31,30.71,44.57,46.53,46.46,48.16,41.97,54.46,55.94,6654.17,6612.68,6590.17,6877,7223.56,7485.3,7960.73,8495.34,9097.52,9020.31,10001.53,10503.6,10018.72,11062.56,11454.43,11486.52,12041.72,12590.55,13135.7,13149.04,13012.88
Peru,46.66,49.47,51.25,51.58,50.78,69.28,50.29,45.05,72.95,61.92,44,,,,,,,,,,,,,,46.01,45.88,48.02,49.23,47.2,47.33,49.93,57.55,58.88,57.96,63.51,59.32,59.75,61.36,57.55,36.83,46.01,46.63,52.45,47.76,52.5,40.28,38.91,40.15,44.2,39.82,41.01,45.5,41.58,39.89,43.05,45.45,41.2,38.24,40.7,52.84,54.9,54.67,49.91,48.03,49.86,49.58,5043.27,5120.07,5423.64,5697.43,6084.89,6610.89,7262.26,8026.61,8857.86,8951.01,9730.42,10476.8,10767.68,11295.96,11510.28,11572.32,12013.38,12506.53,13088.3,13397.27,11879.24
Philippines,50.39,50.94,52,56.09,57.21,65.68,57.4,44.02,73.7,57.65,38.4,,,,,,,,,,,,,,39.38,38.99,42.02,41.58,41.48,41.71,44.7,37.58,36.66,34.03,34.13,33.55,34.6,39.91,37.58,39.81,51.05,48.76,49.06,49.95,55.76,38.36,38.58,35.17,43.4,40.85,38.48,40.84,27.47,29.2,36.67,32.23,30.7,31.02,31.87,51.39,50.68,49.75,51.18,52.97,54.5,55.12,3439.54,3545.73,3657.97,3835.92,4115.77,4370.37,4657.71,5008.2,5239.73,5268.49,5626.28,5865.34,6296.83,6614.68,6960.9,7186.77,7703.76,8120.87,8720.61,9291.73,8390.35
Poland,62.02,63.43,62.28,62.93,63.22,63.11,63.47,69.53,81.26,64.11,60.9,47.2,46.9,47.4,46.3,45.1,52.47,52.69,54.36,56.09,53.68,46.53,47.59,39.98,47.2,46.8,49.21,51.15,51.54,51.91,52.84,42.09,42.96,48.06,43.64,42.87,43.66,44.58,42.09,33.18,40.08,48.13,47.36,50.43,42.6,52.97,51.28,46.31,37.88,48.2,50.19,53.14,53.51,48.54,51.09,56.16,56.33,51.08,58.32,51.72,58.02,56.36,59.94,60.34,64.2,65.57,10676.76,11124.53,11804.27,12275.8,13342.61,13896.79,15132.07,16782.44,18303.35,19254.09,21088.62,22827.7,23745.7,24567.51,25475.5,26862.05,28322.11,30064.5,31978.53,34151.79,34264.76
Portugal,51.65,51.76,53.03,54.39,58.71,72.98,57.64,75.8,88.63,71.91,67,57.9,58.8,59.7,63.4,62.9,67.81,68.38,67.26,59.52,62.47,59.16,60.54,54.1,45.89,45.8,48.89,48.93,50.02,51.15,54.98,45.64,47.75,49.79,44.19,44.3,45.54,46.31,45.64,34.88,42.35,45.88,51.91,50.62,51.72,48.42,49.95,31.25,38.94,52.07,52.57,57.7,52.47,48.84,54.21,52.61,53.94,51.62,55.44,43.33,47.58,47.91,50.89,50.61,55.38,63.71,18884.89,19533.36,20356.65,20829.6,21460.02,22725.28,24649.72,25701.89,26665.84,26478.37,27282.75,26769.51,26438.02,27936.04,28742.44,29660.9,31607.75,33044.72,34931.78,36871.84,34495.92
Qatar,46.11,45.79,46.45,46.36,46.59,48.89,46.59,63.03,69.94,67.8,37.1,,,,,,,,,,,,,,42.82,42.85,44.2,41.55,40.96,40.82,40.91,36.5,34.82,33.04,30.21,28.19,28,33.65,36.5,36.32,41.67,43.85,52.68,44.84,33.02,57.2,54.64,33.89,32.39,41.18,44.13,51.05,36.42,32.58,35.11,33.35,36.99,31.3,35.05,51.26,55.9,55.43,57.53,53.58,55.83,51.8,96823.11,99035.26,103476.34,102757.78,113857.65,109856.95,120838.17,122882.84,125010.7,122424.61,132047.99,139358.97,141634.7,138229.77,129068.58,92968.23,83102.35,91738.75,93154.23,93851.75,89948.61
Romania,42.01,42.38,43.15,46.41,47.72,67.01,48.34,50.52,83.24,64.78,64.7,51.5,47.5,52.9,57,55.9,62.67,63.73,59.02,60.39,60.33,55.32,59.42,54.85,45.38,44.75,47.68,49.71,51.42,50.79,54.5,43.46,46.59,48.71,50.52,48.75,51.24,56.9,43.46,35.14,45.45,52.39,36.62,55.67,57.48,51.88,50.01,33.65,32.29,49.19,47.46,53.72,40.2,34.94,34.68,35.16,42.9,40.8,42.69,51.05,57.07,58.86,64.97,61.65,58.8,61.69,5850.62,6521.47,7162.31,7552.2,8982.85,9602.15,11541.25,13683.44,16782.1,16644.04,16989.31,17896.28,18869.62,19781.98,20657.71,21605.84,24271.37,27141.92,29248.81,32299.97,31945.75
Russia,49.28,48.53,45.86,45.74,45.5,61.21,45.43,53.45,83.52,63.79,50.5,43.9,42.6,48,49.8,45.1,46.65,43.64,43.39,44.34,44.3,29.85,37.59,37.85,45.75,46.32,46.55,47.47,47.87,46.7,49.95,54.96,56.49,61.12,57.27,53.93,55.42,62.36,54.96,28.4,34.77,37.02,52.83,39.63,38.76,36.2,34.37,38,37.02,37.48,36.75,41.98,49.39,50.15,48.85,54.37,52.58,48.63,51.5,57.69,62.18,53.24,52.1,55.73,53.08,55.13,6825.39,7361.36,8037.47,9254.54,10226.77,11822.35,14912.23,16648.24,20163.61,19389.94,20490.13,22798.67,24303.47,26073.87,25761.65,24085.32,24128.09,25926.44,28681.78,29188.85,28213.45
Saudi Arabia,50.97,50.74,50.43,50.26,49.99,55.32,49.97,66.66,68.63,57.47,44,30,32.8,28.7,25.8,24.5,26.9,25.17,24.19,21.08,25.45,11.2,8.82,22.03,45.9,45.91,40.38,41.95,40.33,40.96,44.05,46.64,45.58,34.93,34.94,35.94,35.8,39.22,46.64,26.87,26.95,34.52,63.84,35.75,33.15,46.75,52.83,29.3,29.54,40.47,42.55,51.31,56.29,47.39,40.89,44.92,38.97,36.9,44.71,51.86,56.87,50.09,51.09,51.43,53.81,51.86,39882.63,39240.76,37667.02,41441.86,44601.78,47161.13,48552.53,49394.02,52047.07,49933.19,51529.83,56133.14,57364.99,55908.25,55726.1,48611.13,45484.44,47306.22,48735.46,48948.17,46762.47
Senegal,46.43,46.87,48.22,46.16,46.55,42.28,46.73,40.83,63.73,49.52,30.7,,,,,,,,,,,,,,38.37,36.63,39.19,41.15,41.57,40.63,42.99,39.47,36.8,35.08,35.55,37.89,38.05,40.66,39.47,38.1,44.79,52.44,45.32,54.24,55.59,40.48,39.94,32.94,40.96,42.29,42.04,44.65,29.04,29.28,34.68,34.93,29.49,24.56,25.69,42.25,39.02,41.24,41.71,43.95,44.25,48.38,1999.47,2080.79,2064.23,2165.89,2269.64,2379.57,2444.33,2513.64,2587.12,2606.84,2652.86,2669.52,2739.42,2742.42,2830.7,2971.35,3075.94,3203.91,3388.95,3503.62,3481.31
Serbia,45.53,45.26,44.95,46.44,46.55,69.37,46.14,69.13,78.67,57.49,55.2,,,,,,,,,,,,,,43.44,42.76,44.03,46.85,45.93,45.84,50.72,47.13,47.83,48.43,47.99,45.74,42.07,52.46,47.13,23.98,32.27,35.1,53.15,36.37,44.43,50.79,50.07,40.98,35.97,49.49,50.5,53.46,43.24,39.13,43.57,46.49,47.56,45.92,48.03,47.24,52.8,46.2,56.24,50.76,54.34,55.25,6021.72,6484.77,7224.59,7637.93,8480.53,9181.71,10195.53,11222.62,12632.04,12543.17,12808.06,13746.9,13933.92,14629.03,14659.61,14928.41,15858.04,16611.02,17736.01,18929.88,19230.63
Singapore,52.82,54.44,55.67,55.87,56.23,69.64,56.36,81.78,87.04,64.23,58.1,,,,,,,,,,,,,,47.43,46.02,44.75,46.47,46.05,47.8,50.32,30.11,30.81,26.34,26.9,23.58,24.92,28.64,30.11,35.29,34.35,39.34,50.7,38.73,38.96,50.18,50.93,33.89,36.26,52.78,53.67,57.78,66.08,58.05,62.27,60.73,63.4,63.62,69.38,55.96,55.04,50.74,51.71,51.97,58.06,56.83,43833.22,43136.43,45120.41,48756.56,54301.7,58717.22,63910.08,68628.38,67576.86,66149,75294.36,80052.39,82064.96,83001.79,84423.19,86974.75,89417.35,95350.44,100581.16,102573.4,98525.95
Slovak Republic,60.09,61.77,62.84,64.83,66.28,74.46,66.62,74.45,85.42,70.6,68.3,56.5,55.3,54.7,60.5,64,64.64,63.17,62.5,57.83,57.69,56.04,56.61,52.69,47.43,46.02,44.75,46.47,46.05,47.8,50.32,30.11,30.81,26.34,26.9,23.58,24.92,28.64,30.11,35.29,34.35,39.34,50.7,38.73,38.96,50.18,50.93,33.89,36.26,52.78,53.67,57.78,66.08,58.05,62.27,60.73,63.4,63.62,69.38,55.96,55.04,50.74,51.71,51.97,58.06,56.83,11381.51,12391.35,13312.2,14166.5,15213.73,16639.39,18888.76,21196.62,23725.86,23097.57,25209.35,26082.76,26967.13,28002.5,28996.87,29919.66,29659.37,30077.85,31505.06,32557.19,31832.39
Slovenia,56.55,58.16,61.04,61.11,62.15,64.95,62.25,76.43,88.98,67.57,72,54.2,48.1,48.1,51.4,55.6,60.98,59.19,60.99,56.87,56.55,50.54,44.9,41.91,49.19,50.78,54.8,53.71,54.31,53.81,55.91,47.89,48.55,52.92,44.03,43.67,42.98,49.33,47.89,32.25,37.21,46.33,37.43,49.34,43.12,54.52,60.81,34.56,39.18,54.68,53.38,59.57,62.96,59.9,68.02,61.17,61.9,59.05,59.39,46.55,52.37,55.79,61.05,62.5,64.31,68.12,18009.06,18956.39,20241.53,21090.62,22742.09,23852.64,25686.03,27536.68,29604.29,27558,27848.13,28931.38,29042.82,29973.7,30870.02,31628.25,33936.04,36505.68,38915.64,41193.84,39593.31
South Africa,33.76,36.17,34.47,34.06,34.58,50.79,34.55,53.51,70.52,44.73,43.1,49.5,51.2,52.9,56.6,53.6,56.7,54.04,54.63,53.76,56.17,40.61,48.25,45.67,40.95,38.24,36.53,39.16,39.2,38.79,39.92,44.21,44.68,37.4,47.35,45.23,48.29,50.73,44.21,31.79,36.35,37.08,52.73,39.71,35.48,35.1,35.91,31.96,42.61,31.99,31.62,31.09,41.42,32.55,35.73,34.78,42.44,37.21,41.59,46.29,46.27,36.67,40.33,37.02,37.12,40.69,7714.91,7989.76,8310.76,8608.73,9131.27,9790.64,10518.42,11233.93,11661.28,11409.57,11721.55,12172.41,12057.58,12450.99,12521.13,12552.34,12591.59,12701.35,12931.12,13009.67,12095.86
South Korea,52.15,53.27,54.67,56.29,57.19,57.04,57.2,63.79,70.61,62.3,66.5,,,,,,,,,,,,,,47.64,45.7,46.89,53.31,52.75,50.77,51.35,34.55,34.5,34.36,33.39,33.8,34.19,35.52,34.55,20.69,25.14,38.36,42.84,41.01,31.88,50.1,46.26,31.7,32.08,50.83,51.15,56.88,75.7,71.84,75.24,79.03,79.73,72.93,74.8,55.6,55.21,56.15,59.46,58.9,54.57,57.67,7714.91,7989.76,8310.76,8608.73,9131.27,9790.64,10518.42,11233.93,11661.28,11409.57,11721.55,12172.41,12057.58,12450.99,12521.13,12552.34,12591.59,12701.35,12931.12,13009.67,12095.86
Spain,55.92,56.03,57.16,58.49,59.73,70.62,60.31,79.79,88.91,78.39,74.3,50.1,53.2,51.8,54.4,54.2,59.18,60.37,57.34,52.63,56.14,48.19,48.97,46.03,45.92,46.38,46.94,48.1,48.9,48.46,51.83,38.65,41.48,44.07,43.85,44.48,44.18,45.53,38.65,37.31,41.41,48.97,52.3,49.2,51.96,55.12,58.13,25.47,39.59,49.51,50.57,56.74,48.07,45.7,45.19,45.17,47.58,42.63,46.5,46.04,49.26,49.05,52.84,53.87,55.7,58.44,21593.65,22959.1,24371.6,25020.31,26121.97,27606.93,30679.12,32430.12,33263.27,32116,31706.88,31867.97,31720.12,32434,33525.74,34903.13,37286.21,39528.93,40720.19,42185.59,38334.61
Sri Lanka,49.73,49.64,53.67,54.55,55.48,63.71,55.72,53.88,65.55,60.61,39,,,,,,,,,,,,,,39.21,37,38.99,40.24,41.93,40.95,46.25,35.46,33.65,36.51,33.31,34.88,35.63,39.82,35.46,36.75,39.59,36.79,51.48,42.07,50.8,37.92,37.38,28.27,41.79,45.36,45.18,48.78,36.51,29.75,31.62,33.48,37.92,33.97,37.97,47.74,47.47,52.06,53.43,52.59,47.91,53.9,4339.68,4335.37,4542.34,4860.34,5218.68,5670.96,6242.37,6795.34,7287.59,7550.29,8194.27,9007.73,10315.18,10852.06,11256.86,11557.49,12224.22,12584.1,13169.09,13622.86,13225.41
Sudan,43.81,43.31,43.73,44.68,45.18,47.09,46,24.64,42.25,51.49,34.8,,,,,,,,,,,,,,35.12,35.36,37.54,40.73,40.89,38.52,39,52.31,52.39,48.95,52.94,54.82,53.91,49.31,52.31,36.03,43.19,47.74,39.91,49.15,51.14,27.8,27.2,36.57,35.61,40.08,34.9,30.71,19.83,21.11,24.86,25.22,23.93,20.12,25.71,38.44,40.06,42.81,37.89,36.46,34.53,38.16,1824.61,1931.35,2030.52,2166.79,2247.83,2422.97,2672.27,2976.97,3183.84,3225.06,3289.44,3673.49,3751.12,3716.65,4500.78,4379.62,4503.77,4327.78,4448.84,4362.61,4243.78
Sweden,66.36,66.09,66.55,67.55,68.45,86.05,68.82,78.09,90.43,80.51,78.7,65.6,66.7,67.4,69.9,68.1,69.37,68.1,71.44,69.91,66.15,74.32,76.28,75.77,54.13,55.54,60.93,60.5,61.34,60.59,62.1,62.92,64.79,67.59,63.55,63.08,63.74,63.12,62.92,40.01,51.51,59.19,38.17,63.79,63.72,58.01,59.66,39.16,39.27,56.63,58.26,61.65,59.68,57.86,70.82,69.26,70.78,66.08,69.5,50.96,55.39,55.45,55.4,52.13,51.08,52.51,29631.16,29940.54,30926.51,31782.08,33830.55,34244.47,37679.7,40855.5,42158.3,40309.11,42256.16,44608.58,45432.43,46312.39,47184.67,49103.13,50430.25,51947.95,53553.31,55068.77,54563.12
Switzerland,76.17,77.09,77.18,77.34,77.8,89.09,76.69,87.67,86.93,87.42,81.5,59,58.2,59.4,63.6,65.1,67.61,66.17,65.05,62.09,61.66,61.2,65.42,60.61,52,53.04,54.45,55.35,56.43,56.92,59.44,52.9,53.52,52.38,47.82,47.44,46.96,47.6,52.9,40.66,46.2,51.71,38.83,57.37,63.13,57.2,60.58,39.34,32.33,55.77,57.77,61,54.84,54.31,61.1,64,66.75,62.06,64.73,55.15,56.14,54.31,56.78,56.04,60.45,60.75,36788.69,37913.09,38814.37,38800.87,40302.99,41749.22,46440.74,51145.94,54096.81,53393.3,54900.31,57987.5,59933.6,62225.09,64103.01,66020.2,68105.15,69103.57,71705.61,73114.47,71352.35
Tajikistan,35.58,36.68,37.31,38.14,38.31,51.29,38.78,31.34,73.05,47.85,38.2,,,,,,,,,,,,,,42.89,42.01,42.67,43.75,43.81,43.31,44.75,46.51,44.69,42.81,42.94,44.32,43.53,45.43,46.51,46.2,47.68,45.98,53.67,47.98,50.45,49.22,50.07,36.5,44.67,48.25,48.19,47.86,31.7,29.52,37.25,40.38,38.2,36.69,36.62,37.61,39.59,39.36,44.09,40.69,40.15,43.39,1048.59,1155.27,1278.37,1420,1579.25,1705.07,1843.45,2000.15,2155.2,2208.89,2328.46,2496.58,2750.36,3027.81,3303.1,3150.43,3114.9,3252.93,3497.32,3732.87,3858.43
Tanzania,51.89,53.43,53.05,51.67,53.73,47.9,54.26,36.19,58.34,50.83,31.1,,,,,,,,,,,,,,41.73,41.7,42.18,43.25,43.12,42.68,43.39,54.25,56.69,53.94,58.27,55.66,55.39,56.18,54.25,45.71,57.81,59.97,49.99,61.36,62.95,33.84,35.51,27.46,31.96,36.2,36.8,35.88,29.59,27.66,21.37,21.97,20.84,21.92,23.43,42.52,42.93,42.84,37.89,41.37,37.91,38.53,1191.28,1258.11,1331.99,1407.39,1510.5,1627.47,1736.73,1851.17,1938.72,1998.3,2088.1,2228.7,2099.43,2194.88,2243.59,2348.44,2479.33,2530.6,2652.39,2772.93,2780.06
Thailand,54.45,53.13,56.74,59.05,59.7,62.15,59.98,52.83,69.54,49.88,45.4,51.7,50.2,54.6,59.8,58.4,58.32,54.51,50.61,48.16,51.91,49.07,48.71,46.76,40.48,40.04,41.6,41.21,41.68,43.79,47.6,34.59,35.16,34.57,35.63,34.97,36.26,41.4,34.59,32.01,36.18,41.91,46.6,44.14,48.26,40.02,37.73,33.67,30.71,34.94,38.49,44.88,38.41,42.63,48.77,44.26,44.27,46.57,51.06,54.42,52.66,49.46,49.79,50.09,53.5,52.39,7302.89,7648.86,8179.4,8863.74,9608.55,10256.33,11024.85,11869.67,12244.82,12191.41,13195.37,13519.13,14870.98,15407.67,15480.21,15822.37,16616.2,17422.95,18530.21,19233.87,18236.18
Togo,46.56,48.1,46.48,48.05,48.3,36.43,48.66,27.91,46.1,41.78,29.5,,,,,,,,,,,,,,37.72,37.07,37.95,41.73,41.85,42.3,41.53,46.67,43.77,45.33,46.11,46.99,45.74,46,46.67,46.96,55.96,62.87,30.41,65.55,59.38,32.61,32.1,32.14,34.39,33.19,34.94,33.03,23.3,25.78,20.89,26.89,24.89,21.63,26.9,36.48,36.75,37.54,40.28,38.6,43.65,42.35,972.45,974.62,1001.33,1061.19,1052.02,1007.66,1037.7,1025.04,1058.28,1095.26,1144.33,1210.14,1227.16,1275.33,1328.38,1397.33,1954.2,2012.24,2110.83,2211.63,2223.63
Trinidad and Tobago,43.34,43.67,45.14,45.26,46.97,54.25,47.04,52.28,74.34,67.36,47.5,,,,,,,,,,,,,,37.16,36.25,40.52,39.59,38.45,39.55,40.75,46.14,43.29,42.59,39,38.09,39.6,38.51,46.14,34.89,43.06,39.97,43.52,43.03,38.79,37.12,34.63,39.57,28.66,30.58,34.48,41.1,29.72,27.12,34.75,33.68,32.51,33.92,36.16,40.19,41.31,48.76,49.31,48.22,46.72,49.21,14547.24,15431.61,16845.88,19539.4,21550.67,23485.53,27264.77,29196.02,30632.99,29366.36,30528.89,30887.98,30063.33,30059.72,29698.57,27397.23,26389.74,26342.62,26880.64,26920.14,25031.19
Tunisia,43.6,43.93,45.15,46.4,47.38,60.58,46.66,58.99,77.28,62.35,46.7,,,,,,,,,,,,,,40.29,38.29,42.25,44.31,43.57,42.52,41.88,30.61,28.89,28.31,27.96,27.69,26.74,28.46,30.61,33.87,45.46,44.86,50.26,46.5,45.25,40.68,43.73,38.01,29.53,46.06,46.57,43.91,48.63,39.55,41.55,47.32,48.47,44.97,44.9,44.77,45.43,46.55,51.59,49.04,47.83,46.89,5978.97,6286.67,6419.87,6795.62,7356.79,7784.8,8362.85,9071.62,9538.45,9798.98,10155.53,10067.91,10217.14,10231.73,10446.07,10208.75,10359.32,10605.29,11022.16,11210.43,10261.69
Turkey,40.47,41.94,43.43,43.89,44.4,60.4,44.8,54.91,67.68,52.96,42.6,55.7,49.8,49.1,49,41.7,46.6,46.47,46.95,47.25,45.54,41.02,40.22,40.76,40.49,40.78,43.03,45.11,44.79,44.4,46.31,37.63,38.59,37.67,36.69,37.02,36.73,40.86,37.63,27.73,32.06,40.14,48.02,41.78,38.87,42.46,38.17,35.92,46.03,35.95,38.66,42.85,45.74,43.81,48.4,51.08,50.93,50.43,53.84,48.49,55.62,55.11,59.98,58.25,54.39,55.1,9633.09,9284.26,9401.23,9689.93,10970.67,12003.85,13730.04,14967.95,16182.48,15609.47,17555.59,19799.12,20772.5,22438.71,24090.24,25753.39,26512.02,27913.82,27942.96,27318.43,28119.45
Turkmenistan,30.29,30.57,31.33,31.81,31.69,38.39,31.75,45.07,70.24,66.1,43.9,,,,,,,,,,,,,,39.74,37.91,38.01,38.9,37.99,38.61,38.99,36.51,37.91,33.55,27.33,25.16,25.32,38.67,36.51,28.68,34.35,37.31,50.41,38.56,30.56,40.87,40.62,30.19,38.75,42.23,39.92,39.24,39.97,33.08,36.15,37.24,37.01,35.55,33.87,47.48,49.24,45,50.02,47.36,53.71,52.6,4275.01,4510.66,4548.02,4736.91,5055.94,5829.43,6588.03,7420.56,8561.58,9021.14,9810.61,11294.97,12057.18,12739.18,13491,13690.61,13862.28,14205.03,15201.78,16195.54,
Ukraine,46.68,47.16,47.51,45.62,45.92,58.22,46.31,49.01,79.69,52.87,49.5,44.7,46.1,49.5,54.1,53.3,62.22,56.04,57.1,49.81,50.88,57.49,60.09,60.6,42.19,41.44,44.6,43.02,45.4,44.72,46.69,44.62,46.21,44.6,43.87,44.01,45.25,47.2,44.62,25.01,34.45,39.53,45.29,42.15,41.86,42.42,42.58,25.63,36.86,42.15,41.32,44.4,44.58,44.02,50.34,39.2,50.1,47.76,47.71,47.6,49.36,46.94,47.16,48.85,47.12,52.3,4106.84,4631.61,4999.09,5621.9,6521.61,6977.26,7775.61,8642.21,9062.25,7818.3,8245.38,8909.66,9343.33,10691.76,10743.59,10164.33,11148.2,11871.12,12634.24,13350.48,13056.7
United Arab Emirates,43.98,48.87,49.82,50.84,50.72,40.67,50.91,72.91,69.35,58.9,55.6,,,,,,,,,,,,,,39.1,38.7,41.51,41.36,42.91,44.27,44.53,36.79,35.77,32.78,28.29,29.07,29.7,33.61,36.79,30.61,35.68,41.57,53.03,42.15,33.44,47.58,44.01,34.53,32.58,37.93,47.23,54.7,32.85,34.78,36.95,39.66,43.32,43.61,45.24,47.71,48.35,55.69,57.04,62.09,58.69,55.64,98363.57,96722.51,95550.19,99238.36,101871.33,97670.06,95678.32,87101.57,79730.96,68166.48,64881.78,67686.39,69102.48,70374.24,73619.04,64901.88,63968.89,67183.61,68576.12,69957.62,
United Kingdom,61.24,62,67.56,68,68.48,74.24,68.82,77.35,87.38,79.89,81.3,59.2,60.6,65.3,65.9,67.4,67.33,69.66,70.79,70.13,66.1,66.79,65.92,69.8,43.78,44.86,50.96,51.85,52.61,52.79,56.12,35.74,36.85,39.54,34.72,34.25,34.61,35.4,35.74,37.6,49.28,57.93,44.76,62.5,67.27,46.88,45.52,28.77,34.04,48.1,48.93,51.57,54.67,56.39,60.38,62.7,64.87,62.09,66.51,44.33,47.95,53.38,54.16,54.26,55.82,59.85,26421.01,27730.32,28997.06,30232.97,31902.61,32592.51,34657.51,35505.39,36644.7,35043.59,36464.48,37169.55,38299.57,39931.23,41289.08,42567.59,44150,45744.71,47145.88,48513.5,44916.23
United States,54.27,54.81,55.21,55.88,56.16,63.48,56.59,67.52,84.72,71.19,69.3,33.4,39.8,46.3,46.5,48.5,53.51,52.93,52.33,54.91,51.04,25.86,18.82,18.6,43.78,44.86,50.96,51.85,52.61,52.79,56.12,35.74,36.85,39.54,34.72,34.25,34.61,35.4,35.74,37.6,49.28,57.93,44.76,62.5,67.27,46.88,45.52,28.77,34.04,48.1,48.93,51.57,54.67,56.39,60.38,62.7,64.87,62.09,66.51,44.33,47.95,53.38,54.16,54.26,55.82,59.85,36334.91,37133.24,38023.16,39496.49,41712.8,44114.75,46298.73,47975.97,48382.56,47099.98,48466.66,49882.56,51602.93,53106.54,55049.99,56863.37,58021.4,60109.66,63064.42,65279.53,63543.58
Uruguay,56.27,59.4,57.67,57,56.8,59.11,57.06,53.61,73.98,64.65,49.1,,,,,,,,,,,,,,48.88,46.46,47.26,47.86,48,47.19,51.99,55.5,55.6,58.8,57.63,56.34,55.05,62.26,55.5,42.98,47.1,52.66,33.72,56.47,63.29,45.15,41.05,31.39,34.2,42.69,40.91,46.43,39.74,33.28,34.24,36.42,35.13,33.87,32.37,60.79,59.38,55.2,50.9,52.29,49.66,55.6,10255.1,10059.79,9427.15,9686.5,10451.89,11580.39,12406.37,13547.13,14764.19,15464.26,16817.08,18002.89,18192.33,19130.06,20093.62,20217.56,22454.39,23009.87,23588.15,24006.79,22795.06
Uzbekistan,29.12,29.39,30.53,31.4,32.17,42.27,32.24,43.23,63.67,45.88,44.3,,,,,,,,,,,,,,44.69,42.97,44.63,43.3,44.57,45.03,48.36,44.3,43.98,42.19,39.81,39.51,38.62,45.32,44.3,36.43,39.42,46.93,44.91,49.16,47.49,48.99,49.7,34.16,36.13,46.98,49.68,49.2,38.52,34.93,42.59,33.99,37.76,38.26,43.2,46.74,49.79,52.83,50.66,49.88,49.42,56.6,2493.6,2621.01,2734.59,2869.68,3130.13,3412.03,3731.41,4135.34,4523.22,4842.25,5124.12,5489.08,5712.82,5942.4,6158.5,6343.15,6452.93,6518.8,6917.68,7310.96,7378.25
Vietnam,48.39,49.85,48.88,49.87,50.63,59,50.64,38.17,58.5,46.96,33.4,,,,,,,,,,,,,,42.34,41.19,42.36,43.95,44.99,44.4,45.8,41.22,38.93,40.34,41.81,44.68,45.4,46.76,41.22,30.16,32.16,35.83,53.39,36.38,39.18,40.79,43.39,18.48,31,41.19,42.58,45.91,38.28,38.2,44.74,48.36,50.15,41.91,40.62,54.59,55.27,53.59,50.61,52.85,55.71,56.51,1987.3,2134.44,2282.86,2462.5,2694.46,2960.64,3232.81,3522.94,3758.55,3952.73,4213.3,4523.25,5042.48,5358.95,5745.21,6102.64,6572.98,7155.44,7768.08,8381.24,8650.65
Zambia,53.57,53.3,54.14,53.9,55.24,47,55.56,41.72,66.06,50.97,34.7,,,,,,,,,,,,,,40.82,40.02,39.82,41.03,39.62,37.95,41.09,59.98,60.54,51.24,59.34,57.6,57.2,57.74,59.98,44.18,55.25,51.7,43.2,53.02,61.81,34.78,35.53,29.34,30.92,32.79,33.13,35.34,21.41,19.67,17.95,12.14,11.13,8.68,14.48,42.4,40.15,42.4,45.33,43.91,37.71,36.1,1644.92,1724.64,1784.21,1894.35,2029.18,2185.94,2366.76,2563.94,2741.25,2933.13,3178.87,3323.94,3422.62,3578.85,3539.44,3430.4,3404.67,3485.02,3606.09,3617.21,3449.61
Zimbabwe,49.47,49.71,50.38,50.54,51.8,47.82,52.76,49.54,59.25,43.41,37,,,,,,,,,,,,,,37.53,36.66,33.23,40.39,38.77,40.25,42.55,54.13,53.33,39.72,48.29,46.47,46.75,45.39,54.13,37.37,42.77,49.51,52.92,50.17,59.22,30.09,31.53,28.83,33.62,33.34,33.72,36.16,19.26,21.86,17.76,33.57,30.91,28.06,30.46,40.5,39.22,34.49,35.37,33.12,42.55,41.52,2272.6,2347.5,2167.02,1827.87,1762.52,1705.57,1685.36,1653.75,1374.17,1532.82,1830.83,2101.82,2375.93,2560.77,2612.46,2679.51,2806.47,3274.61,3421.9,3155.7,2895.42
